codigo,archivo_local,coleccion_o_pagina,pagina,archivo_original,url_imagen,repetida_de
PR-02,imagenes/PR-02.jpg,Página principal (galería de La República y portadas),https://unasaracastrillonch.wixsite.com/portafolio,2504 - ALADO LA REPUBLICA (24 - 41).jpg,https://static.wixstatic.com/media/546c42_e6bbc5aaba1a4691a3ea68cb6b9eef87~mv2.jpg,
PR-03,imagenes/PR-03.jpg,Página principal (galería de La República y portadas),https://unasaracastrillonch.wixsite.com/portafolio,DSC00592.jpg,https://static.wixstatic.com/media/546c42_1fd9291697224337bd3e8a19af85332e~mv2.jpg,
PR-04,imagenes/PR-04.jpg,Página principal (galería de La República y portadas),https://unasaracastrillonch.wixsite.com/portafolio,2405 - ALADO TIERRA ADENTRO CAMPAÑA (053).jpg,https://static.wixstatic.com/media/546c42_5884b75a23b7446483693171c770e04b~mv2.jpg,
PR-05,imagenes/PR-05.jpg,Página principal (galería de La República y portadas),https://unasaracastrillonch.wixsite.com/portafolio,2304 - ALADO ALQUIMISTA (26 -  081).jpg,https://static.wixstatic.com/media/546c42_535e4a021277449d8569c3342d93aaf6~mv2.jpg,
PR-06,imagenes/PR-06.jpg,Página principal (galería de La República y portadas),https://unasaracastrillonch.wixsite.com/portafolio,2410 - ALADO LA PROVINCIA camp  (233) (Suavizado).jpg,https://static.wixstatic.com/media/546c42_a8cae838c1c741f0ac998ca38b255eba~mv2.jpg,
PR-07,imagenes/PR-07.jpg,Página principal (galería de La República y portadas),https://unasaracastrillonch.wixsite.com/portafolio,2504 - ALADO LA REPUBLICA (31 - 23).jpg,https://static.wixstatic.com/media/546c42_eafc3cebf1994335bfa03082c1ed990d~mv2.jpg,
PR-08,imagenes/PR-08.jpg,Página principal (galería de La República y portadas),https://unasaracastrillonch.wixsite.com/portafolio,2504 - ALADO LA REPUBLICA (30 - 50).jpg,https://static.wixstatic.com/media/546c42_c0af0048cc4749d6a9cf36758013a6ef~mv2.jpg,
PR-09,imagenes/PR-09.jpg,Página principal (galería de La República y portadas),https://unasaracastrillonch.wixsite.com/portafolio,2504 - ALADO LA REPUBLICA (30 - 08).jpg,https://static.wixstatic.com/media/546c42_d4c255c0d4604989abf0e777f6a79207~mv2.jpg,
PR-10,imagenes/PR-10.jpg,Página principal (galería de La República y portadas),https://unasaracastrillonch.wixsite.com/portafolio,2504 - ALADO LA REPUBLICA (30 - 44).jpg,https://static.wixstatic.com/media/546c42_8ebfccb66db140959d3c63d0f54a6722~mv2.jpg,
PR-11,imagenes/PR-11.jpg,Página principal (galería de La República y portadas),https://unasaracastrillonch.wixsite.com/portafolio,2504 - ALADO LA REPUBLICA (25 - 19).jpg,https://static.wixstatic.com/media/546c42_c8cf07c972424b8ab4cb5ae4e6928ffe~mv2.jpg,
PR-12,imagenes/PR-12.jpg,Página principal (galería de La República y portadas),https://unasaracastrillonch.wixsite.com/portafolio,2504 - ALADO LA REPUBLICA (23 - 58).jpg,https://static.wixstatic.com/media/546c42_e69eb40d455a43c290d2269d52c7c56a~mv2.jpg,
PR-13,imagenes/PR-13.jpg,Página principal (galería de La República y portadas),https://unasaracastrillonch.wixsite.com/portafolio,2504 - ALADO LA REPUBLICA (23 - 69).jpg,https://static.wixstatic.com/media/546c42_39193c49bc8d4d15983babb56cbc03ce~mv2.jpg,
PR-14,imagenes/PR-14.jpg,Página principal (galería de La República y portadas),https://unasaracastrillonch.wixsite.com/portafolio,2504 - ALADO LA REPUBLICA (16 - 50).jpg,https://static.wixstatic.com/media/546c42_a2244e386d5d44cba6e52fe82fc3774f~mv2.jpg,
PR-15,imagenes/PR-15.jpg,Página principal (galería de La República y portadas),https://unasaracastrillonch.wixsite.com/portafolio,2504 - ALADO LA REPUBLICA (16 - 45).jpg,https://static.wixstatic.com/media/546c42_d1a5dd7fb38642a183bc279e1b543f65~mv2.jpg,
PR-16,imagenes/PR-16.jpg,Página principal (galería de La República y portadas),https://unasaracastrillonch.wixsite.com/portafolio,2504 - ALADO LA REPUBLICA (16 - 12).jpg,https://static.wixstatic.com/media/546c42_dbefbbd6b8c343618222102afaa1ff18~mv2.jpg,
PR-17,imagenes/PR-17.jpg,Página principal (galería de La República y portadas),https://unasaracastrillonch.wixsite.com/portafolio,2504 - ALADO LA REPUBLICA (22 - 35).jpg,https://static.wixstatic.com/media/546c42_8a407dbfd663416aa3cefbcb91048868~mv2.jpg,
PR-18,imagenes/PR-18.jpg,Página principal (galería de La República y portadas),https://unasaracastrillonch.wixsite.com/portafolio,2504 - ALADO LA REPUBLICA (22 - 16).jpg,https://static.wixstatic.com/media/546c42_f9866f68accd4006bb3a1930ca0e3e81~mv2.jpg,
PR-19,imagenes/PR-19.jpg,Página principal (galería de La República y portadas),https://unasaracastrillonch.wixsite.com/portafolio,2504 - ALADO LA REPUBLICA (14 - 53).jpg,https://static.wixstatic.com/media/546c42_43afd03434bf4cfb8ece3683b82ae3c4~mv2.jpg,
PR-20,imagenes/PR-20.jpg,Página principal (galería de La República y portadas),https://unasaracastrillonch.wixsite.com/portafolio,2504 - ALADO LA REPUBLICA (14 - 59).jpg,https://static.wixstatic.com/media/546c42_460c485dfdb3447d849cc8091e011e5a~mv2.jpg,
PR-21,imagenes/PR-21.jpg,Página principal (galería de La República y portadas),https://unasaracastrillonch.wixsite.com/portafolio,2504 - ALADO LA REPUBLICA (10 - 34).jpg,https://static.wixstatic.com/media/546c42_0877fd95f3a640a09c13f156fb06d5bf~mv2.jpg,
PR-22,imagenes/PR-22.jpg,Página principal (galería de La República y portadas),https://unasaracastrillonch.wixsite.com/portafolio,2504 - ALADO LA REPUBLICA (10 - 28).jpg,https://static.wixstatic.com/media/546c42_8cc03a4cd39845718a8df41e518f0087~mv2.jpg,
PR-23,imagenes/PR-23.jpg,Página principal (galería de La República y portadas),https://unasaracastrillonch.wixsite.com/portafolio,2504 - ALADO LA REPUBLICA (06 - 11).jpg,https://static.wixstatic.com/media/546c42_5fb253983cda4c948c9c89824f909e0d~mv2.jpg,
PR-24,imagenes/PR-24.jpg,Página principal (galería de La República y portadas),https://unasaracastrillonch.wixsite.com/portafolio,2504 - ALADO LA REPUBLICA (06 - 23).jpg,https://static.wixstatic.com/media/546c42_ea7c1fdd5578402595ca584388c3cc7c~mv2.jpg,
PR-25,imagenes/PR-25.jpg,Página principal (galería de La República y portadas),https://unasaracastrillonch.wixsite.com/portafolio,2504 - ALADO LA REPUBLICA (06 - 37).jpg,https://static.wixstatic.com/media/546c42_72f21846dc454f84a8bfab20a4b5df8c~mv2.jpg,
PAP-01,imagenes/PAP-01.jpg,Prêt-à-porter (portadas),https://unasaracastrillonch.wixsite.com/portafolio/proyectos-1,2510 - ALADO - ECUESTRE (K-55).jpg,https://static.wixstatic.com/media/546c42_1e4b3ca5e5684e53b124bec2fa5916eb~mv2.jpg,
PAP-02,imagenes/PAP-02.jpg,Prêt-à-porter (portadas),https://unasaracastrillonch.wixsite.com/portafolio/proyectos-1,,https://static.wixstatic.com/media/546c42_718e085eeeef4dcfbb0561ea473a172f~mv2.jpg,
PAP-03,imagenes/PAP-03.jpg,Prêt-à-porter (portadas),https://unasaracastrillonch.wixsite.com/portafolio/proyectos-1,,https://static.wixstatic.com/media/546c42_0aec8d0edc354a388acb20acd966c409~mv2.jpg,
PAP-04,imagenes/PAP-04.jpg,Prêt-à-porter (portadas),https://unasaracastrillonch.wixsite.com/portafolio/proyectos-1,2410 - ALADO LA PROVINCIA  (0766).JPG,https://static.wixstatic.com/media/546c42_a26bafae7e57403db81ee87688264df4~mv2.jpg,
PAP-05,imagenes/PAP-05.jpg,Prêt-à-porter (portadas),https://unasaracastrillonch.wixsite.com/portafolio/proyectos-1,2405 - ALADO TIERRA ADENTRO CAMPAÑA (147).jpg,https://static.wixstatic.com/media/546c42_3d9159b90f5547e4831b485c83287253~mv2.jpg,
PAP-06,imagenes/PAP-06.jpg,Prêt-à-porter (portadas),https://unasaracastrillonch.wixsite.com/portafolio/proyectos-1,2304 - ALADO ALQUIMISTA (21 -  111).jpg,https://static.wixstatic.com/media/546c42_e9357eba3c0e4d1296445f2d4c17e9f4~mv2.jpg,
EQ-01,imagenes/EQ-01.jpg,Equestrian,https://unasaracastrillonch.wixsite.com/portafolio/copia-de-la-república-2,,https://static.wixstatic.com/media/546c42_41885e09d62243b5968e9921e01a4ddc~mv2.jpg,
EQ-02,imagenes/EQ-02.jpg,Equestrian,https://unasaracastrillonch.wixsite.com/portafolio/copia-de-la-república-2,1.jpg,https://static.wixstatic.com/media/546c42_1f0e754859d0490c96ae290f2ac8b44d~mv2.jpg,
EQ-03,imagenes/EQ-03.jpg,Equestrian,https://unasaracastrillonch.wixsite.com/portafolio/copia-de-la-república-2,5.jpg,https://static.wixstatic.com/media/546c42_c7387494ea0b4c0e83cfa696c9835a0d~mv2.jpg,
EQ-04,imagenes/EQ-04.jpg,Equestrian,https://unasaracastrillonch.wixsite.com/portafolio/copia-de-la-república-2,12.jpg,https://static.wixstatic.com/media/546c42_36cb42ec1aff46bd8f27df4e5e65ae22~mv2.jpg,
EQ-05,imagenes/EQ-05.jpg,Equestrian,https://unasaracastrillonch.wixsite.com/portafolio/copia-de-la-república-2,11.jpg,https://static.wixstatic.com/media/546c42_904273c6dad84aaca53ec5875a7145c4~mv2.jpg,
EQ-06,imagenes/EQ-06.jpg,Equestrian,https://unasaracastrillonch.wixsite.com/portafolio/copia-de-la-república-2,10.jpg,https://static.wixstatic.com/media/546c42_5140ca7f1fe34f8d82c82e746042726a~mv2.jpg,
EQ-07,imagenes/EQ-07.jpg,Equestrian,https://unasaracastrillonch.wixsite.com/portafolio/copia-de-la-república-2,MODULO REPITE CAZA SEPARADO VFINAL.png,https://static.wixstatic.com/media/546c42_eb53d7bd4cd548ff86c75271c59d2186~mv2.png,
EQ-08,imagenes/EQ-08.jpg,Equestrian,https://unasaracastrillonch.wixsite.com/portafolio/copia-de-la-república-2,2510 - ALADO - ECUESTRE (K-55).jpg,https://static.wixstatic.com/media/546c42_1e4b3ca5e5684e53b124bec2fa5916eb~mv2.jpg,PAP-01
EQ-09,imagenes/EQ-09.jpg,Equestrian,https://unasaracastrillonch.wixsite.com/portafolio/copia-de-la-república-2,2510 - ALADO - ECUESTRE (K-26).jpg,https://static.wixstatic.com/media/546c42_0e20d1761156471696bb18daa2c8beaa~mv2.jpg,
EQ-10,imagenes/EQ-10.jpg,Equestrian,https://unasaracastrillonch.wixsite.com/portafolio/copia-de-la-república-2,2510 - ALADO - ECUESTRE (KK-21).jpg,https://static.wixstatic.com/media/546c42_a355001f7bd347cfbef65b2efa29c084~mv2.jpg,
EQ-11,imagenes/EQ-11.jpg,Equestrian,https://unasaracastrillonch.wixsite.com/portafolio/copia-de-la-república-2,MODULO REPITE CAZA SEPARADO VFINAL.png,https://static.wixstatic.com/media/546c42_1a9a40a248424b7f94938def3ab2c98e~mv2.png,
EQ-12,imagenes/EQ-12.jpg,Equestrian,https://unasaracastrillonch.wixsite.com/portafolio/copia-de-la-república-2,2510 - ALADO - ECUESTRE (I-06).jpg,https://static.wixstatic.com/media/546c42_9505c51625be4a53a14914d80d419a3b~mv2.jpg,
EQ-13,imagenes/EQ-13.jpg,Equestrian,https://unasaracastrillonch.wixsite.com/portafolio/copia-de-la-república-2,2510 - ALADO - ECUESTRE (I-22).jpg,https://static.wixstatic.com/media/546c42_17c83b18aa934a1ab434254fad0021b8~mv2.jpg,
EQ-14,imagenes/EQ-14.jpg,Equestrian,https://unasaracastrillonch.wixsite.com/portafolio/copia-de-la-república-2,2 COLORES RAYA TIZA VF _Mesa de trabajo 1.jpg,https://static.wixstatic.com/media/546c42_a521827665514993a3be678969a7475d~mv2.jpg,
EQ-15,imagenes/EQ-15.jpg,Equestrian,https://unasaracastrillonch.wixsite.com/portafolio/copia-de-la-república-2,2510 - ALADO - ECUESTRE (E-09).jpg,https://static.wixstatic.com/media/546c42_6dbe85810b4f4a799c3e0c3bf6a0570b~mv2.jpg,
EQ-16,imagenes/EQ-16.jpg,Equestrian,https://unasaracastrillonch.wixsite.com/portafolio/copia-de-la-república-2,2510 - ALADO - ECUESTRE (EE-10).jpg,https://static.wixstatic.com/media/546c42_39bdae347d3a4786b919783ae494db9e~mv2.jpg,
EQ-17,imagenes/EQ-17.jpg,Equestrian,https://unasaracastrillonch.wixsite.com/portafolio/copia-de-la-república-2,2510 - ALADO - ECUESTRE (E-40).jpg,https://static.wixstatic.com/media/546c42_6ace73c6ea8e4516be2696149c4161b2~mv2.jpg,
EQ-18,imagenes/EQ-18.jpg,Equestrian,https://unasaracastrillonch.wixsite.com/portafolio/copia-de-la-república-2,2 COLORES RAYA TIZA VF -02.jpg,https://static.wixstatic.com/media/546c42_9a4fe455a829484b9d68f5930dac8f96~mv2.jpg,
EQ-19,imagenes/EQ-19.jpg,Equestrian,https://unasaracastrillonch.wixsite.com/portafolio/copia-de-la-república-2,2510 - ALADO - ECUESTRE (F-17).jpg,https://static.wixstatic.com/media/546c42_c905da3de4b243c79534780824dff391~mv2.jpg,
EQ-20,imagenes/EQ-20.jpg,Equestrian,https://unasaracastrillonch.wixsite.com/portafolio/copia-de-la-república-2,2510 - ALADO - ECUESTRE (F-27).jpg,https://static.wixstatic.com/media/546c42_ab1d1eb65612454ab27c5d490425a45d~mv2.jpg,
EQ-21,imagenes/EQ-21.jpg,Equestrian,https://unasaracastrillonch.wixsite.com/portafolio/copia-de-la-república-2,MODULO CONTINUO CABALLOS LAZO  PÁP - COLOR FINAL_.png,https://static.wixstatic.com/media/546c42_eae0b59cbcbd433993552b0d0d34ee58~mv2.png,
EQ-22,imagenes/EQ-22.jpg,Equestrian,https://unasaracastrillonch.wixsite.com/portafolio/copia-de-la-república-2,2510 - ALADO - ECUESTRE (C-38).jpg,https://static.wixstatic.com/media/546c42_ceb7beef50394a81bb974c261270d950~mv2.jpg,
EQ-23,imagenes/EQ-23.jpg,Equestrian,https://unasaracastrillonch.wixsite.com/portafolio/copia-de-la-república-2,2510 - ALADO - ECUESTRE (C-30).jpg,https://static.wixstatic.com/media/546c42_40f3f494ece84aacb8da93b7a2037757~mv2.jpg,
EQ-24,imagenes/EQ-24.jpg,Equestrian,https://unasaracastrillonch.wixsite.com/portafolio/copia-de-la-república-2,2510 - ALADO - ECUESTRE (C-42).jpg,https://static.wixstatic.com/media/546c42_a15f03e6b30047f19875529460cc0106~mv2.jpg,
EQ-25,imagenes/EQ-25.jpg,Equestrian,https://unasaracastrillonch.wixsite.com/portafolio/copia-de-la-república-2,MODULO CONTINUO CABALLOS LAZO  PÁP - COLOR FINAL azul_.png,https://static.wixstatic.com/media/546c42_4c4998d52b1e45a98cce3a0ff1f67ecc~mv2.png,
EQ-26,imagenes/EQ-26.jpg,Equestrian,https://unasaracastrillonch.wixsite.com/portafolio/copia-de-la-república-2,2510 - ALADO - ECUESTRE (J-30).jpg,https://static.wixstatic.com/media/546c42_8f968338bb5a4bda91d103451afbf384~mv2.jpg,
EQ-27,imagenes/EQ-27.jpg,Equestrian,https://unasaracastrillonch.wixsite.com/portafolio/copia-de-la-república-2,2510 - ALADO - ECUESTRE (J-18).jpg,https://static.wixstatic.com/media/546c42_c56a7e33045c4eb2913083f67aad6981~mv2.jpg,
EQ-28,imagenes/EQ-28.jpg,Equestrian,https://unasaracastrillonch.wixsite.com/portafolio/copia-de-la-república-2,2510 - ALADO - ECUESTRE (J-23).jpg,https://static.wixstatic.com/media/546c42_6845b949fea34d51beccbde3c06b7c90~mv2.jpg,
EQ-29,imagenes/EQ-29.jpg,Equestrian,https://unasaracastrillonch.wixsite.com/portafolio/copia-de-la-república-2,2510 - ALADO - ECUESTRE (D-28).jpg,https://static.wixstatic.com/media/546c42_d834ad0e56bd4e119bb621c9b445960c~mv2.jpg,
EQ-30,imagenes/EQ-30.jpg,Equestrian,https://unasaracastrillonch.wixsite.com/portafolio/copia-de-la-república-2,2510 - ALADO - ECUESTRE (D-31).jpg,https://static.wixstatic.com/media/546c42_8012b95e97464c33807187dd8c4c53b5~mv2.jpg,
EQ-31,imagenes/EQ-31.jpg,Equestrian,https://unasaracastrillonch.wixsite.com/portafolio/copia-de-la-república-2,MUESTRA DE COLOR 2 FONDOS LAZO.png,https://static.wixstatic.com/media/546c42_6a18a96d3f734791a05584bd648e5edd~mv2.png,
EQ-32,imagenes/EQ-32.jpg,Equestrian,https://unasaracastrillonch.wixsite.com/portafolio/copia-de-la-república-2,OPCIONES COLOR DE FONDO MODULO CAZA V1.png,https://static.wixstatic.com/media/546c42_24288abfdfa046a0be66fbc2090b9e4b~mv2.png,
BZ-01,imagenes/BZ-01.jpg,Raigambre (Bronzini by Alado),https://unasaracastrillonch.wixsite.com/portafolio/copia-de-la-república,,https://static.wixstatic.com/media/546c42_809613c80c0b4e4290d424614a64908a~mv2.jpg,
BZ-02,imagenes/BZ-02.jpg,Raigambre (Bronzini by Alado),https://unasaracastrillonch.wixsite.com/portafolio/copia-de-la-república,8.jpg,https://static.wixstatic.com/media/546c42_548f7888fe6b45c598d57db117a76246~mv2.jpg,
BZ-03,imagenes/BZ-03.jpg,Raigambre (Bronzini by Alado),https://unasaracastrillonch.wixsite.com/portafolio/copia-de-la-república,6.jpg,https://static.wixstatic.com/media/546c42_ee12e2ce3d4543c099787c8f741ab88d~mv2.jpg,
BZ-04,imagenes/BZ-04.jpg,Raigambre (Bronzini by Alado),https://unasaracastrillonch.wixsite.com/portafolio/copia-de-la-república,4.jpg,https://static.wixstatic.com/media/546c42_3d7fcc9871554492b1649dd351ef9e8a~mv2.jpg,
BZ-05,imagenes/BZ-05.jpg,Raigambre (Bronzini by Alado),https://unasaracastrillonch.wixsite.com/portafolio/copia-de-la-república,10.jpg,https://static.wixstatic.com/media/546c42_8dd7032eae6e4b40940d4f1b551f9ad3~mv2.jpg,
BZ-06,imagenes/BZ-06.jpg,Raigambre (Bronzini by Alado),https://unasaracastrillonch.wixsite.com/portafolio/copia-de-la-república,15.jpg,https://static.wixstatic.com/media/546c42_dd1243696229432b811adf04de7773a9~mv2.jpg,
BZ-07,imagenes/BZ-07.jpg,Raigambre (Bronzini by Alado),https://unasaracastrillonch.wixsite.com/portafolio/copia-de-la-república,14.jpg,https://static.wixstatic.com/media/546c42_bb504acb21114a6285adb79e5faeedcb~mv2.jpg,
BZ-08,imagenes/BZ-08.jpg,Raigambre (Bronzini by Alado),https://unasaracastrillonch.wixsite.com/portafolio/copia-de-la-república,13.jpg,https://static.wixstatic.com/media/546c42_336f6cbeeda446baa9e7550dd8bc370c~mv2.jpg,
BZ-09,imagenes/BZ-09.jpg,Raigambre (Bronzini by Alado),https://unasaracastrillonch.wixsite.com/portafolio/copia-de-la-república,12.jpg,https://static.wixstatic.com/media/546c42_8c820afa0eff4d5ea86cfa06dd24394b~mv2.jpg,
BZ-10,imagenes/BZ-10.jpg,Raigambre (Bronzini by Alado),https://unasaracastrillonch.wixsite.com/portafolio/copia-de-la-república,11.jpg,https://static.wixstatic.com/media/546c42_ba9c5e5bfdb54da2b56e0ddfcf0b7d34~mv2.jpg,
BZ-11,imagenes/BZ-11.jpg,Raigambre (Bronzini by Alado),https://unasaracastrillonch.wixsite.com/portafolio/copia-de-la-república,16.jpg,https://static.wixstatic.com/media/546c42_b144e73502704d58b3ed1e4cb4fac2f7~mv2.jpg,
BZ-12,imagenes/BZ-12.jpg,Raigambre (Bronzini by Alado),https://unasaracastrillonch.wixsite.com/portafolio/copia-de-la-república,19.jpg,https://static.wixstatic.com/media/546c42_7923daab4dd44d55845a72ada763cd16~mv2.jpg,
BZ-13,imagenes/BZ-13.jpg,Raigambre (Bronzini by Alado),https://unasaracastrillonch.wixsite.com/portafolio/copia-de-la-república,17.jpg,https://static.wixstatic.com/media/546c42_08003fc12d5b4cec93fb119d49bdcdc5~mv2.jpg,
BZ-14,imagenes/BZ-14.jpg,Raigambre (Bronzini by Alado),https://unasaracastrillonch.wixsite.com/portafolio/copia-de-la-república,18.jpg,https://static.wixstatic.com/media/546c42_345abdc13f3142978bea08df5982ddb4~mv2.jpg,
BZ-15,imagenes/BZ-15.jpg,Raigambre (Bronzini by Alado),https://unasaracastrillonch.wixsite.com/portafolio/copia-de-la-república,FICHAS TECNICAS PIJAMAS MOMPOX_Mesa de trabajo 1-12.jpg,https://static.wixstatic.com/media/546c42_ef2eb16e0d5249fa81af0580c449050f~mv2.jpg,
BZ-16,imagenes/BZ-16.jpg,Raigambre (Bronzini by Alado),https://unasaracastrillonch.wixsite.com/portafolio/copia-de-la-república,FICHAS TECNICAS PIJAMAS MOMPOX_Mesa de trabajo 1 copia 4.jpg,https://static.wixstatic.com/media/546c42_2a385c689abc4d1a98dbee50761ce980~mv2.jpg,
BZ-17,imagenes/BZ-17.jpg,Raigambre (Bronzini by Alado),https://unasaracastrillonch.wixsite.com/portafolio/copia-de-la-república,FICHAS TECNICAS PIJAMAS MOMPOX_Mesa de trabajo 1-09.jpg,https://static.wixstatic.com/media/546c42_f3a5ddb0fcf34f339f200c7937dd2098~mv2.jpg,
BZ-18,imagenes/BZ-18.jpg,Raigambre (Bronzini by Alado),https://unasaracastrillonch.wixsite.com/portafolio/copia-de-la-república,FICHAS TECNICAS PIJAMAS MOMPOX_Mesa de trabajo 1-11.jpg,https://static.wixstatic.com/media/546c42_a173b385833444d3a4356ddc77743adb~mv2.jpg,
BZ-19,imagenes/BZ-19.jpg,Raigambre (Bronzini by Alado),https://unasaracastrillonch.wixsite.com/portafolio/copia-de-la-república,FICHAS TECNICAS PIJAMAS MOMPOX_Mesa de trabajo 1-10.jpg,https://static.wixstatic.com/media/546c42_15c976f3b57e4d93ba2db3a1536f8509~mv2.jpg,
BZ-20,imagenes/BZ-20.jpg,Raigambre (Bronzini by Alado),https://unasaracastrillonch.wixsite.com/portafolio/copia-de-la-república,FICHAS TECNICAS PIJAMAS MOMPOX_Mesa de trabajo 1-08.jpg,https://static.wixstatic.com/media/546c42_74fa1460c7cf459180744ba05cd4cb84~mv2.jpg,
BZ-21,imagenes/BZ-21.jpg,Raigambre (Bronzini by Alado),https://unasaracastrillonch.wixsite.com/portafolio/copia-de-la-república,FICHAS TECNICAS PIJAMAS MOMPOX_Mesa de trabajo 1-07.jpg,https://static.wixstatic.com/media/546c42_9c034b7cf54e46359e15980676e89ea4~mv2.jpg,
BZ-22,imagenes/BZ-22.jpg,Raigambre (Bronzini by Alado),https://unasaracastrillonch.wixsite.com/portafolio/copia-de-la-república,FICHAS TECNICAS PIJAMAS MOMPOX_Mesa de trabajo 1-06.jpg,https://static.wixstatic.com/media/546c42_2ab085693b884e3ba342205989287b54~mv2.jpg,
BZ-23,imagenes/BZ-23.jpg,Raigambre (Bronzini by Alado),https://unasaracastrillonch.wixsite.com/portafolio/copia-de-la-república,FICHAS TECNICAS PIJAMAS MOMPOX_Mesa de trabajo 1-05.jpg,https://static.wixstatic.com/media/546c42_4cfcf5c2eedf4496a0dd9a24392baf47~mv2.jpg,
BZ-24,imagenes/BZ-24.jpg,Raigambre (Bronzini by Alado),https://unasaracastrillonch.wixsite.com/portafolio/copia-de-la-república,FICHAS TECNICAS PIJAMAS MOMPOX_Mesa de trabajo 1-04.jpg,https://static.wixstatic.com/media/546c42_761d349296514c8bb6d47e7ed65147f3~mv2.jpg,
BZ-25,imagenes/BZ-25.jpg,Raigambre (Bronzini by Alado),https://unasaracastrillonch.wixsite.com/portafolio/copia-de-la-república,FICHAS TECNICAS PIJAMAS MOMPOX_Mesa de trabajo 1-03.jpg,https://static.wixstatic.com/media/546c42_30874dcfaa2e4ad0885e682f45c391be~mv2.jpg,
BZ-26,imagenes/BZ-26.jpg,Raigambre (Bronzini by Alado),https://unasaracastrillonch.wixsite.com/portafolio/copia-de-la-república,FICHAS TECNICAS PIJAMAS MOMPOX_Mesa de trabajo 1-02.jpg,https://static.wixstatic.com/media/546c42_10459b5040e9491098a1bc920a2e20ee~mv2.jpg,
BZ-27,imagenes/BZ-27.jpg,Raigambre (Bronzini by Alado),https://unasaracastrillonch.wixsite.com/portafolio/copia-de-la-república,FICHAS TECNICAS PIJAMAS MOMPOX_Mesa de trabajo 1-01.jpg,https://static.wixstatic.com/media/546c42_5fc6cb8380cc49b2943e4494e4d184ad~mv2.jpg,
BZ-28,imagenes/BZ-28.jpg,Raigambre (Bronzini by Alado),https://unasaracastrillonch.wixsite.com/portafolio/copia-de-la-república,FICHAS TECNICAS PIJAMAS MOMPOX_Mesa de trabajo 1 copia.jpg,https://static.wixstatic.com/media/546c42_e4735806a2194284b8bfd1f12f957131~mv2.jpg,
BZ-29,imagenes/BZ-29.jpg,Raigambre (Bronzini by Alado),https://unasaracastrillonch.wixsite.com/portafolio/copia-de-la-república,FICHAS TECNICAS PIJAMAS MOMPOX_Mesa de trabajo 1 copia 3.jpg,https://static.wixstatic.com/media/546c42_12dff1858e694ca99cf02d698918412f~mv2.jpg,
BZ-30,imagenes/BZ-30.jpg,Raigambre (Bronzini by Alado),https://unasaracastrillonch.wixsite.com/portafolio/copia-de-la-república,FICHAS TECNICAS PIJAMAS MOMPOX_Mesa de trabajo 1 copia 2.jpg,https://static.wixstatic.com/media/546c42_0141ee128a264fbb9411e832a2d7db02~mv2.jpg,
BZ-31,imagenes/BZ-31.jpg,Raigambre (Bronzini by Alado),https://unasaracastrillonch.wixsite.com/portafolio/copia-de-la-república,DSC08732.jpg,https://static.wixstatic.com/media/546c42_7781a6b684e04cabab82adc532c41ef7~mv2.jpg,
BZ-32,imagenes/BZ-32.jpg,Raigambre (Bronzini by Alado),https://unasaracastrillonch.wixsite.com/portafolio/copia-de-la-república,DSC08817.jpg,https://static.wixstatic.com/media/546c42_e2c000a94fb64b2a9dbd94a02017efb4~mv2.jpg,
BZ-33,imagenes/BZ-33.jpg,Raigambre (Bronzini by Alado),https://unasaracastrillonch.wixsite.com/portafolio/copia-de-la-república,DSC08649.jpg,https://static.wixstatic.com/media/546c42_4f6390a3ddd6483396277a18ae37e9a4~mv2.jpg,
BZ-34,imagenes/BZ-34.jpg,Raigambre (Bronzini by Alado),https://unasaracastrillonch.wixsite.com/portafolio/copia-de-la-república,DSC08590.jpg,https://static.wixstatic.com/media/546c42_2e7e3b414c554dccb0e82c800f9fa18c~mv2.jpg,
BZ-35,imagenes/BZ-35.jpg,Raigambre (Bronzini by Alado),https://unasaracastrillonch.wixsite.com/portafolio/copia-de-la-república,DSC00719.jpg,https://static.wixstatic.com/media/546c42_c01be0eeb07a47e581d0bef7679507ad~mv2.jpg,
BZ-36,imagenes/BZ-36.jpg,Raigambre (Bronzini by Alado),https://unasaracastrillonch.wixsite.com/portafolio/copia-de-la-república,DSC00632.jpg,https://static.wixstatic.com/media/546c42_4a2e122dfbfa4400a3db826e5ca31724~mv2.jpg,
BZ-37,imagenes/BZ-37.jpg,Raigambre (Bronzini by Alado),https://unasaracastrillonch.wixsite.com/portafolio/copia-de-la-república,DSC00599.jpg,https://static.wixstatic.com/media/546c42_fa65a3fc411545449bf36cebcfcfed2e~mv2.jpg,
BZ-38,imagenes/BZ-38.jpg,Raigambre (Bronzini by Alado),https://unasaracastrillonch.wixsite.com/portafolio/copia-de-la-república,DSC00592.jpg,https://static.wixstatic.com/media/546c42_18d99c1f87cc478aa87a6c856e2b6788~mv2.jpg,
BZ-39,imagenes/BZ-39.jpg,Raigambre (Bronzini by Alado),https://unasaracastrillonch.wixsite.com/portafolio/copia-de-la-república,DSC00586.jpg,https://static.wixstatic.com/media/546c42_3bb5eb15ac34475681234de55bd2a3f8~mv2.jpg,
BZ-40,imagenes/BZ-40.jpg,Raigambre (Bronzini by Alado),https://unasaracastrillonch.wixsite.com/portafolio/copia-de-la-república,DSC00495.jpg,https://static.wixstatic.com/media/546c42_d6d48279caf34b3ca12c922e74337f69~mv2.jpg,
BZ-41,imagenes/BZ-41.jpg,Raigambre (Bronzini by Alado),https://unasaracastrillonch.wixsite.com/portafolio/copia-de-la-república,DSC00467.jpg,https://static.wixstatic.com/media/546c42_53287e2fe2ca4681bf00746143623328~mv2.jpg,
BZ-42,imagenes/BZ-42.jpg,Raigambre (Bronzini by Alado),https://unasaracastrillonch.wixsite.com/portafolio/copia-de-la-república,DSC00393.jpg,https://static.wixstatic.com/media/546c42_5660236e06584839ab4e3e7cea17e5e9~mv2.jpg,
BZ-43,imagenes/BZ-43.jpg,Raigambre (Bronzini by Alado),https://unasaracastrillonch.wixsite.com/portafolio/copia-de-la-república,DSC00337.jpg,https://static.wixstatic.com/media/546c42_42cf665357004a5b95b85bbeb7043f96~mv2.jpg,
BZ-44,imagenes/BZ-44.jpg,Raigambre (Bronzini by Alado),https://unasaracastrillonch.wixsite.com/portafolio/copia-de-la-república,DSC00229.jpg,https://static.wixstatic.com/media/546c42_57dcab1f28ed4911a8b6ebb0bb1708f6~mv2.jpg,
BZ-45,imagenes/BZ-45.jpg,Raigambre (Bronzini by Alado),https://unasaracastrillonch.wixsite.com/portafolio/copia-de-la-república,DSC00178.jpg,https://static.wixstatic.com/media/546c42_17f435d093fd4fc683cfe3488311538e~mv2.jpg,
BZ-46,imagenes/BZ-46.jpg,Raigambre (Bronzini by Alado),https://unasaracastrillonch.wixsite.com/portafolio/copia-de-la-república,DSC00015.jpg,https://static.wixstatic.com/media/546c42_750fd3e79ca24ee78083c11642fa9526~mv2.jpg,
BZ-47,imagenes/BZ-47.jpg,Raigambre (Bronzini by Alado),https://unasaracastrillonch.wixsite.com/portafolio/copia-de-la-república,DSC00151.jpg,https://static.wixstatic.com/media/546c42_ce84863aa928424cb1e579b335c7200f~mv2.jpg,
BZ-48,imagenes/BZ-48.jpg,Raigambre (Bronzini by Alado),https://unasaracastrillonch.wixsite.com/portafolio/copia-de-la-república,DSC00094.jpg,https://static.wixstatic.com/media/546c42_7eaa4188a98b4f22abef66ed37a8f2a0~mv2.jpg,
REP-01,imagenes/REP-01.jpg,La República,https://unasaracastrillonch.wixsite.com/portafolio/recipes-1,,https://static.wixstatic.com/media/546c42_a8d9121340d445c7983554f5bedc1555~mv2.jpg,
REP-02,imagenes/REP-02.jpg,La República,https://unasaracastrillonch.wixsite.com/portafolio/recipes-1,nuevas PORTAFOLIO LA REPUBLICA2 (1)-04.png,https://static.wixstatic.com/media/546c42_2b8eabd8206e457cab8baeb0b3de8ed3~mv2.png,
REP-03,imagenes/REP-03.jpg,La República,https://unasaracastrillonch.wixsite.com/portafolio/recipes-1,2504 - ALADO LA REPUBLICA (22 - 35).jpg,https://static.wixstatic.com/media/546c42_c74b599f9d1342089271dd6198325ad1~mv2.jpg,
REP-04,imagenes/REP-04.jpg,La República,https://unasaracastrillonch.wixsite.com/portafolio/recipes-1,PT2 PORTAFOLIO LA REPUBLICA-03_Mesa de trabajo 1.png,https://static.wixstatic.com/media/546c42_6178350b911344d7afe67cf228127d3a~mv2.png,
REP-05,imagenes/REP-05.jpg,La República,https://unasaracastrillonch.wixsite.com/portafolio/recipes-1,2504 - ALADO LA REPUBLICA (16 - 50).jpg,https://static.wixstatic.com/media/546c42_889767a98d134790aa78b4c3e5e16587~mv2.jpg,
REP-06,imagenes/REP-06.jpg,La República,https://unasaracastrillonch.wixsite.com/portafolio/recipes-1,nuevas PORTAFOLIO LA REPUBLICA2 (1)-02.png,https://static.wixstatic.com/media/546c42_526edb886ed94911b1968dff7b986bfe~mv2.png,
REP-07,imagenes/REP-07.jpg,La República,https://unasaracastrillonch.wixsite.com/portafolio/recipes-1,2504 - ALADO LA REPUBLICA (14 - 53).jpg,https://static.wixstatic.com/media/546c42_fa69023ba7ea497fa29032bf877e1941~mv2.jpg,
REP-08,imagenes/REP-08.jpg,La República,https://unasaracastrillonch.wixsite.com/portafolio/recipes-1,2504 - ALADO LA REPUBLICA (14 - 59).jpg,https://static.wixstatic.com/media/546c42_9bb866e5d0c64684b1b77254a0bd1a7c~mv2.jpg,
REP-09,imagenes/REP-09.jpg,La República,https://unasaracastrillonch.wixsite.com/portafolio/recipes-1,DIAGRAMACIÓN LA REPÚBLICA.png,https://static.wixstatic.com/media/546c42_7ee2c3d430d845aaacbd3f78ff16c4cb~mv2.png,
REP-10,imagenes/REP-10.jpg,La República,https://unasaracastrillonch.wixsite.com/portafolio/recipes-1,2504 - ALADO LA REPUBLICA (15 - 01).jpg,https://static.wixstatic.com/media/546c42_fdea7f475d5a49d595151127a7ae989d~mv2.jpg,
REP-11,imagenes/REP-11.jpg,La República,https://unasaracastrillonch.wixsite.com/portafolio/recipes-1,2504 - ALADO LA REPUBLICA (08 - 30).jpg,https://static.wixstatic.com/media/546c42_2c02d78d34d346d3bd391ec31c4bda38~mv2.jpg,
REP-12,imagenes/REP-12.jpg,La República,https://unasaracastrillonch.wixsite.com/portafolio/recipes-1,PT2 PORTAFOLIO LA REPUBLICA-03-03.png,https://static.wixstatic.com/media/546c42_173942fa2177446fbaca4116d8c6507f~mv2.png,
REP-13,imagenes/REP-13.jpg,La República,https://unasaracastrillonch.wixsite.com/portafolio/recipes-1,2504 - ALADO LA REPUBLICA (23 - 21).jpg,https://static.wixstatic.com/media/546c42_d0818b1e114b44bab27bb64466b52c92~mv2.jpg,
REP-14,imagenes/REP-14.jpg,La República,https://unasaracastrillonch.wixsite.com/portafolio/recipes-1,2504 - ALADO LA REPUBLICA (23 - 58).jpg,https://static.wixstatic.com/media/546c42_af1adf1dea4542209ef3cdd63f1cf705~mv2.jpg,
REP-15,imagenes/REP-15.jpg,La República,https://unasaracastrillonch.wixsite.com/portafolio/recipes-1,2504 - ALADO LA REPUBLICA (23 - 53).jpg,https://static.wixstatic.com/media/546c42_d1cbd56af50f43c19b4eeb6bccdc360b~mv2.jpg,
REP-16,imagenes/REP-16.jpg,La República,https://unasaracastrillonch.wixsite.com/portafolio/recipes-1,nuevas PORTAFOLIO LA REPUBLICA2 (1)_Mesa de trabajo 1-01.png,https://static.wixstatic.com/media/546c42_757504f60a7041eea47b1e39fd3d589b~mv2.png,
REP-17,imagenes/REP-17.jpg,La República,https://unasaracastrillonch.wixsite.com/portafolio/recipes-1,2504 - ALADO LA REPUBLICA (35 - 04).jpg,https://static.wixstatic.com/media/546c42_691dada6d29542deb0fd52bf45028dbb~mv2.jpg,
REP-18,imagenes/REP-18.jpg,La República,https://unasaracastrillonch.wixsite.com/portafolio/recipes-1,2504 - ALADO LA REPUBLICA (35 - 25).jpg,https://static.wixstatic.com/media/546c42_02192dbd9ef74f3c86eb9b10914edbaa~mv2.jpg,
REP-19,imagenes/REP-19.jpg,La República,https://unasaracastrillonch.wixsite.com/portafolio/recipes-1,nuevas PORTAFOLIO LA REPUBLICA2 (1)-03.png,https://static.wixstatic.com/media/546c42_bcdaa5c351fc4111a0ebabd3b9310aa3~mv2.png,
REP-20,imagenes/REP-20.jpg,La República,https://unasaracastrillonch.wixsite.com/portafolio/recipes-1,2504 - ALADO LA REPUBLICA (10 - 34).jpg,https://static.wixstatic.com/media/546c42_018c0d8270aa4c6ab1e9e7bcef0ca361~mv2.jpg,
REP-21,imagenes/REP-21.jpg,La República,https://unasaracastrillonch.wixsite.com/portafolio/recipes-1,2504 - ALADO LA REPUBLICA (25 - 19).jpg,https://static.wixstatic.com/media/546c42_c8cf07c972424b8ab4cb5ae4e6928ffe~mv2.jpg,PR-11
REP-22,imagenes/REP-22.jpg,La República,https://unasaracastrillonch.wixsite.com/portafolio/recipes-1,2504 - ALADO LA REPUBLICA (31 - 23).jpg,https://static.wixstatic.com/media/546c42_eafc3cebf1994335bfa03082c1ed990d~mv2.jpg,PR-07
REP-23,imagenes/REP-23.jpg,La República,https://unasaracastrillonch.wixsite.com/portafolio/recipes-1,2504 - ALADO LA REPUBLICA (31 - 45).jpg,https://static.wixstatic.com/media/546c42_710ce80b0fca4899b8f16e4c162d01ad~mv2.jpg,
REP-24,imagenes/REP-24.jpg,La República,https://unasaracastrillonch.wixsite.com/portafolio/recipes-1,nuevas PORTAFOLIO LA REPUBLICA2 (1)-05.png,https://static.wixstatic.com/media/546c42_3d704193d6074997967b2dc382ca5bff~mv2.png,
REP-25,imagenes/REP-25.jpg,La República,https://unasaracastrillonch.wixsite.com/portafolio/recipes-1,2504 - ALADO LA REPUBLICA (24 - 41).jpg,https://static.wixstatic.com/media/546c42_1e22b20ca872472885106c242708ac8c~mv2.jpg,
REP-26,imagenes/REP-26.jpg,La República,https://unasaracastrillonch.wixsite.com/portafolio/recipes-1,2504 - ALADO LA REPUBLICA (24 - 29).jpg,https://static.wixstatic.com/media/546c42_029ff7dbe0694de6b64592a56d2c1d01~mv2.jpg,
REP-27,imagenes/REP-27.jpg,La República,https://unasaracastrillonch.wixsite.com/portafolio/recipes-1,_BFW0374.jpg,https://static.wixstatic.com/media/546c42_83deec044dd84850aeb34b64324fe529~mv2.jpg,
REP-28,imagenes/REP-28.jpg,La República,https://unasaracastrillonch.wixsite.com/portafolio/recipes-1,_BFW0383.jpg,https://static.wixstatic.com/media/546c42_dc1a8e01b5344ca788bebe7ac3770f95~mv2.jpg,
REP-29,imagenes/REP-29.jpg,La República,https://unasaracastrillonch.wixsite.com/portafolio/recipes-1,_BFW0380.jpg,https://static.wixstatic.com/media/546c42_b4bac7baa085447b938df5ba9b6c44e7~mv2.jpg,
REP-30,imagenes/REP-30.jpg,La República,https://unasaracastrillonch.wixsite.com/portafolio/recipes-1,_BFW0201.jpg,https://static.wixstatic.com/media/546c42_e651f45707f141738ed8040e6e8138d9~mv2.jpg,
REP-31,imagenes/REP-31.jpg,La República,https://unasaracastrillonch.wixsite.com/portafolio/recipes-1,_BFW0196.jpg,https://static.wixstatic.com/media/546c42_65444aea2cc14a328aa94a3627faa508~mv2.jpg,
REP-32,imagenes/REP-32.jpg,La República,https://unasaracastrillonch.wixsite.com/portafolio/recipes-1,_BFW0218.jpg,https://static.wixstatic.com/media/546c42_911759fdc1744b4eb6db6db2b4e335d8~mv2.jpg,
REP-33,imagenes/REP-33.jpg,La República,https://unasaracastrillonch.wixsite.com/portafolio/recipes-1,_BFW0214.jpg,https://static.wixstatic.com/media/546c42_9161d2d67dec4ae08a6d285300f18f88~mv2.jpg,
REP-34,imagenes/REP-34.jpg,La República,https://unasaracastrillonch.wixsite.com/portafolio/recipes-1,_BFW0235.jpg,https://static.wixstatic.com/media/546c42_984859b6ce55498690c2f142f7d68d11~mv2.jpg,
REP-35,imagenes/REP-35.jpg,La República,https://unasaracastrillonch.wixsite.com/portafolio/recipes-1,_BFW0238.jpg,https://static.wixstatic.com/media/546c42_91a76d2c2d72486fbe9fefb9ab615325~mv2.jpg,
REP-36,imagenes/REP-36.jpg,La República,https://unasaracastrillonch.wixsite.com/portafolio/recipes-1,_BFW0270.jpg,https://static.wixstatic.com/media/546c42_4674b7e5339e420192c3d0876a500068~mv2.jpg,
REP-37,imagenes/REP-37.jpg,La República,https://unasaracastrillonch.wixsite.com/portafolio/recipes-1,_BFW0271.jpg,https://static.wixstatic.com/media/546c42_e345cdd3030940ae8fb7c2a08b216300~mv2.jpg,
REP-38,imagenes/REP-38.jpg,La República,https://unasaracastrillonch.wixsite.com/portafolio/recipes-1,_BFW0275.jpg,https://static.wixstatic.com/media/546c42_60d73b2583c746dca3feb3a81324b0da~mv2.jpg,
REP-39,imagenes/REP-39.jpg,La República,https://unasaracastrillonch.wixsite.com/portafolio/recipes-1,_BFW0277.jpg,https://static.wixstatic.com/media/546c42_3fa437414c2f4a3e85495a640a8d2771~mv2.jpg,
REP-40,imagenes/REP-40.jpg,La República,https://unasaracastrillonch.wixsite.com/portafolio/recipes-1,_BFW0186.jpg,https://static.wixstatic.com/media/546c42_fdbc37a35226497d8f1adc50ac736464~mv2.jpg,
REP-41,imagenes/REP-41.jpg,La República,https://unasaracastrillonch.wixsite.com/portafolio/recipes-1,_BFW0191.jpg,https://static.wixstatic.com/media/546c42_ef8f34514464413fa61bd4a5e14c1251~mv2.jpg,
REP-42,imagenes/REP-42.jpg,La República,https://unasaracastrillonch.wixsite.com/portafolio/recipes-1,_BFW0324.jpg,https://static.wixstatic.com/media/546c42_da05c87912574cc3aa670946ec645a4a~mv2.jpg,
REP-43,imagenes/REP-43.jpg,La República,https://unasaracastrillonch.wixsite.com/portafolio/recipes-1,_BFW0318.jpg,https://static.wixstatic.com/media/546c42_37e86f649cef4969b4c6fa6118e038f4~mv2.jpg,
REP-44,imagenes/REP-44.jpg,La República,https://unasaracastrillonch.wixsite.com/portafolio/recipes-1,_BFW0084.jpg,https://static.wixstatic.com/media/546c42_bb5e78cc1581488d86a7786b44b771cb~mv2.jpg,
REP-45,imagenes/REP-45.jpg,La República,https://unasaracastrillonch.wixsite.com/portafolio/recipes-1,_BFW0083.jpg,https://static.wixstatic.com/media/546c42_e519c1e41f9045eb8b32002fa4d7e6a1~mv2.jpg,
REP-46,imagenes/REP-46.jpg,La República,https://unasaracastrillonch.wixsite.com/portafolio/recipes-1,_BFW0039.jpg,https://static.wixstatic.com/media/546c42_b2e95c896092412aba6ae9ba68478698~mv2.jpg,
REP-47,imagenes/REP-47.jpg,La República,https://unasaracastrillonch.wixsite.com/portafolio/recipes-1,_BFW0044.jpg,https://static.wixstatic.com/media/546c42_6593d12d9d0f4762beb0154f83d2d1a2~mv2.jpg,
REP-48,imagenes/REP-48.jpg,La República,https://unasaracastrillonch.wixsite.com/portafolio/recipes-1,_BFW0047.jpg,https://static.wixstatic.com/media/546c42_2d5d3d1ab5ee45debefcaaff9dcee842~mv2.jpg,
PROV-01,imagenes/PROV-01.jpg,La Provincia,https://unasaracastrillonch.wixsite.com/portafolio/copia-de-la-república-3,,https://static.wixstatic.com/media/546c42_cc7ea0e6bd5d47fa95503cbd360d04c8~mv2.jpg,
PROV-02,imagenes/PROV-02.jpg,La Provincia,https://unasaracastrillonch.wixsite.com/portafolio/copia-de-la-república-3,FLORES AZUL.png,https://static.wixstatic.com/media/546c42_f8604a2400714a20a00515de5ce6ef3b~mv2.png,
PROV-03,imagenes/PROV-03.jpg,La Provincia,https://unasaracastrillonch.wixsite.com/portafolio/copia-de-la-república-3,2410 - ALADO LA PROVINCIA  (0164).JPG,https://static.wixstatic.com/media/546c42_0c52555bd8614d33a6b93ba22ed89f32~mv2.jpg,
PROV-04,imagenes/PROV-04.jpg,La Provincia,https://unasaracastrillonch.wixsite.com/portafolio/copia-de-la-república-3,2410 - ALADO LA PROVINCIA  (0547).JPG,https://static.wixstatic.com/media/546c42_6d2e4778bbfb463d9b77eebcb7328906~mv2.jpg,
PROV-05,imagenes/PROV-05.jpg,La Provincia,https://unasaracastrillonch.wixsite.com/portafolio/copia-de-la-república-3,2410 - ALADO LA PROVINCIA  (0191).JPG,https://static.wixstatic.com/media/546c42_0044ab53d2354803b0d634dbc0edbb40~mv2.jpg,
PROV-06,imagenes/PROV-06.jpg,La Provincia,https://unasaracastrillonch.wixsite.com/portafolio/copia-de-la-república-3,2410 - ALADO LA PROVINCIA  (0558).JPG,https://static.wixstatic.com/media/546c42_b910b8af2faf42c2b66bd4d8e99c971e~mv2.jpg,
PROV-07,imagenes/PROV-07.jpg,La Provincia,https://unasaracastrillonch.wixsite.com/portafolio/copia-de-la-república-3,flores verde.png,https://static.wixstatic.com/media/546c42_4680a0c3c71b4ff88d0b2dc1dd659e60~mv2.png,
PROV-08,imagenes/PROV-08.jpg,La Provincia,https://unasaracastrillonch.wixsite.com/portafolio/copia-de-la-república-3,2410 - ALADO LA PROVINCIA  (0325).JPG,https://static.wixstatic.com/media/546c42_0391a1203c7e4657b0c672fd2953fd53~mv2.jpg,
PROV-09,imagenes/PROV-09.jpg,La Provincia,https://unasaracastrillonch.wixsite.com/portafolio/copia-de-la-república-3,2410 - ALADO LA PROVINCIA  (1000).JPG,https://static.wixstatic.com/media/546c42_3e37a6664752406aa9002da56250dab7~mv2.jpg,
PROV-10,imagenes/PROV-10.jpg,La Provincia,https://unasaracastrillonch.wixsite.com/portafolio/copia-de-la-república-3,2410 - ALADO LA PROVINCIA  (1019).JPG,https://static.wixstatic.com/media/546c42_d0077a7292c149fe87b308a134a34a20~mv2.jpg,
PROV-11,imagenes/PROV-11.jpg,La Provincia,https://unasaracastrillonch.wixsite.com/portafolio/copia-de-la-república-3,2410 - ALADO LA PROVINCIA  (0801).JPG,https://static.wixstatic.com/media/546c42_ac873ef98a364c568430e7f7955529e6~mv2.jpg,
PROV-12,imagenes/PROV-12.jpg,La Provincia,https://unasaracastrillonch.wixsite.com/portafolio/copia-de-la-república-3,2410 - ALADO LA PROVINCIA  (0819).JPG,https://static.wixstatic.com/media/546c42_410d8ddc55eb48918a23c8c8dc3aa279~mv2.jpg,
PROV-13,imagenes/PROV-13.jpg,La Provincia,https://unasaracastrillonch.wixsite.com/portafolio/copia-de-la-república-3,flores vainilla.png,https://static.wixstatic.com/media/546c42_fbc362edc52843f19817784c42aeee39~mv2.png,
PROV-14,imagenes/PROV-14.jpg,La Provincia,https://unasaracastrillonch.wixsite.com/portafolio/copia-de-la-república-3,2410 - ALADO LA PROVINCIA  (1031).JPG,https://static.wixstatic.com/media/546c42_fe32e41478d04a278b410d6d92b7d719~mv2.jpg,
PROV-15,imagenes/PROV-15.jpg,La Provincia,https://unasaracastrillonch.wixsite.com/portafolio/copia-de-la-república-3,2410 - ALADO LA PROVINCIA  (0842).JPG,https://static.wixstatic.com/media/546c42_6e7e1f51a22142c0a211d8c931903989~mv2.jpg,
PROV-16,imagenes/PROV-16.jpg,La Provincia,https://unasaracastrillonch.wixsite.com/portafolio/copia-de-la-república-3,2410 - ALADO LA PROVINCIA  (0856).JPG,https://static.wixstatic.com/media/546c42_a69bd5ed82dc4faeaa8d938ce313a332~mv2.jpg,
PROV-17,imagenes/PROV-17.jpg,La Provincia,https://unasaracastrillonch.wixsite.com/portafolio/copia-de-la-república-3,FLORES ROSA.png,https://static.wixstatic.com/media/546c42_b8cad4ea746c4693b801874889950860~mv2.png,
PROV-18,imagenes/PROV-18.jpg,La Provincia,https://unasaracastrillonch.wixsite.com/portafolio/copia-de-la-república-3,2410 - ALADO LA PROVINCIA  (0823).JPG,https://static.wixstatic.com/media/546c42_d7cf7a096f7545048ba8174f35c50fab~mv2.jpg,
PROV-19,imagenes/PROV-19.jpg,La Provincia,https://unasaracastrillonch.wixsite.com/portafolio/copia-de-la-república-3,2410 - ALADO LA PROVINCIA  (0838).JPG,https://static.wixstatic.com/media/546c42_6110f784900844d6b52c5b9feea22ab7~mv2.jpg,
PROV-20,imagenes/PROV-20.jpg,La Provincia,https://unasaracastrillonch.wixsite.com/portafolio/copia-de-la-república-3,MODULO BEIGE PEQUEÑO TUAL PEQUEÑO - copia.png,https://static.wixstatic.com/media/546c42_69fe09b248874a4bb24c0ab624619279~mv2.png,
PROV-21,imagenes/PROV-21.jpg,La Provincia,https://unasaracastrillonch.wixsite.com/portafolio/copia-de-la-república-3,2410 - ALADO LA PROVINCIA  (0767).JPG,https://static.wixstatic.com/media/546c42_449243ba9faf405a8105d26ff83d30b4~mv2.jpg,
PROV-22,imagenes/PROV-22.jpg,La Provincia,https://unasaracastrillonch.wixsite.com/portafolio/copia-de-la-república-3,2410 - ALADO LA PROVINCIA  (0766).JPG,https://static.wixstatic.com/media/546c42_a26bafae7e57403db81ee87688264df4~mv2.jpg,PAP-04
PROV-23,imagenes/PROV-23.jpg,La Provincia,https://unasaracastrillonch.wixsite.com/portafolio/copia-de-la-república-3,2410 - ALADO LA PROVINCIA  (0750).JPG,https://static.wixstatic.com/media/546c42_8224b8c42d07409a91d5a64ec51d31cc~mv2.jpg,
PROV-24,imagenes/PROV-24.jpg,La Provincia,https://unasaracastrillonch.wixsite.com/portafolio/copia-de-la-república-3,2410 - ALADO LA PROVINCIA  (0775).JPG,https://static.wixstatic.com/media/546c42_e80c5b733f9348d1a8fc8344b707aaa4~mv2.jpg,
PROV-25,imagenes/PROV-25.jpg,La Provincia,https://unasaracastrillonch.wixsite.com/portafolio/copia-de-la-república-3,MODULO AZUL OSCURO TUAL PEQUEÑO.png,https://static.wixstatic.com/media/546c42_88af9882009446e780ac69ec43026256~mv2.png,
PROV-26,imagenes/PROV-26.jpg,La Provincia,https://unasaracastrillonch.wixsite.com/portafolio/copia-de-la-república-3,2410 - ALADO LA PROVINCIA  (0076).JPG,https://static.wixstatic.com/media/546c42_e75afa69356d4b10a3cd8be8affe7c78~mv2.jpg,
PROV-27,imagenes/PROV-27.jpg,La Provincia,https://unasaracastrillonch.wixsite.com/portafolio/copia-de-la-república-3,2410 - ALADO LA PROVINCIA  (0061).JPG,https://static.wixstatic.com/media/546c42_fdc4ef5ebd8941c5a3b37a818a0650c0~mv2.jpg,
PROV-28,imagenes/PROV-28.jpg,La Provincia,https://unasaracastrillonch.wixsite.com/portafolio/copia-de-la-república-3,2410 - ALADO LA PROVINCIA  (0070).JPG,https://static.wixstatic.com/media/546c42_cfd369ad204e40deb5a2859e421b755c~mv2.jpg,
PROV-29,imagenes/PROV-29.jpg,La Provincia,https://unasaracastrillonch.wixsite.com/portafolio/copia-de-la-república-3,MODULO AZUL CLARO TUAL PEQUEÑO_.png,https://static.wixstatic.com/media/546c42_de0d4effd0f84bcc807f8b3a5c2aaeaa~mv2.png,
PROV-30,imagenes/PROV-30.jpg,La Provincia,https://unasaracastrillonch.wixsite.com/portafolio/copia-de-la-república-3,2410 - ALADO LA PROVINCIA  (0296).JPG,https://static.wixstatic.com/media/546c42_1dd44e76362346c5bfe98893d575e24b~mv2.jpg,
PROV-31,imagenes/PROV-31.jpg,La Provincia,https://unasaracastrillonch.wixsite.com/portafolio/copia-de-la-república-3,2410 - ALADO LA PROVINCIA  (0019).JPG,https://static.wixstatic.com/media/546c42_30c09f3472604c7a85d6aa371796aa29~mv2.jpg,
PROV-32,imagenes/PROV-32.jpg,La Provincia,https://unasaracastrillonch.wixsite.com/portafolio/copia-de-la-república-3,2410 - ALADO LA PROVINCIA  (0299).JPG,https://static.wixstatic.com/media/546c42_21effe1ad86f4f178159262bfd28634f~mv2.jpg,
PROV-33,imagenes/PROV-33.jpg,La Provincia,https://unasaracastrillonch.wixsite.com/portafolio/copia-de-la-república-3,2410 - ALADO LA PROVINCIA  (0042).JPG,https://static.wixstatic.com/media/546c42_8aea28afaf5846778df8d8de44d8d314~mv2.jpg,
TD-01,imagenes/TD-01.jpg,Tierradentro,https://unasaracastrillonch.wixsite.com/portafolio/copia-de-equestrian,2401 - ALADO LORICA  (393).jpg,https://static.wixstatic.com/media/546c42_921aa16d2902422291af4111a3ec88ac~mv2.jpg,
TD-02,imagenes/TD-02.jpg,Tierradentro,https://unasaracastrillonch.wixsite.com/portafolio/copia-de-equestrian,ABANICO.png,https://static.wixstatic.com/media/546c42_cad80b51aadb4849834b18998138a3b2~mv2.png,
TD-03,imagenes/TD-03.jpg,Tierradentro,https://unasaracastrillonch.wixsite.com/portafolio/copia-de-equestrian,2405 - ALADO TIERRA ADENTRO CAMPAÑA (053).jpg,https://static.wixstatic.com/media/546c42_abafa41628754d99b0f08137efe422b7~mv2.jpg,
TD-04,imagenes/TD-04.jpg,Tierradentro,https://unasaracastrillonch.wixsite.com/portafolio/copia-de-equestrian,2405 - ALADO TIERRA ADENTRO LOOKBOOK  (0103).jpg,https://static.wixstatic.com/media/546c42_4cb78531f23a4d0aa3d19c4b5e1e51bf~mv2.jpg,
TD-05,imagenes/TD-05.jpg,Tierradentro,https://unasaracastrillonch.wixsite.com/portafolio/copia-de-equestrian,2405 - ALADO TIERRA ADENTRO CAMPAÑA (042).jpg,https://static.wixstatic.com/media/546c42_d4cacc56ce824ee78165f1d51b94353a~mv2.jpg,
TD-06,imagenes/TD-06.jpg,Tierradentro,https://unasaracastrillonch.wixsite.com/portafolio/copia-de-equestrian,2405 - ALADO TIERRA ADENTRO LOOKBOOK  (0130).jpg,https://static.wixstatic.com/media/546c42_c202b8826e0d413ab4513d6078915bca~mv2.jpg,
TD-07,imagenes/TD-07.jpg,Tierradentro,https://unasaracastrillonch.wixsite.com/portafolio/copia-de-equestrian,2405 - ALADO TIERRA ADENTRO LOOKBOOK  (0086).jpg,https://static.wixstatic.com/media/546c42_039ec12580504911989dd0b230f78730~mv2.jpg,
TD-08,imagenes/TD-08.jpg,Tierradentro,https://unasaracastrillonch.wixsite.com/portafolio/copia-de-equestrian,BARCOS CENEFA NEGRO.png,https://static.wixstatic.com/media/546c42_09907819797b47be952f012138636453~mv2.png,
TD-09,imagenes/TD-09.jpg,Tierradentro,https://unasaracastrillonch.wixsite.com/portafolio/copia-de-equestrian,2405 - ALADO TIERRA ADENTRO LOOKBOOK  (1294).jpg,https://static.wixstatic.com/media/546c42_896d179b406543369f1efbeaeee90c39~mv2.jpg,
TD-10,imagenes/TD-10.jpg,Tierradentro,https://unasaracastrillonch.wixsite.com/portafolio/copia-de-equestrian,AZUL PUNTOS.png,https://static.wixstatic.com/media/546c42_4db4c03c2872433e9ca3fe7fb32b89ac~mv2.png,
TD-11,imagenes/TD-11.jpg,Tierradentro,https://unasaracastrillonch.wixsite.com/portafolio/copia-de-equestrian,2405 - ALADO TIERRA ADENTRO LOOKBOOK  (1012).jpg,https://static.wixstatic.com/media/546c42_269fc76e17b44a08976964b18d28c74b~mv2.jpg,
TD-12,imagenes/TD-12.jpg,Tierradentro,https://unasaracastrillonch.wixsite.com/portafolio/copia-de-equestrian,MEDALLON PEQUENO-NEGRO.png,https://static.wixstatic.com/media/546c42_e3386899d5084f89800bb346036568d5~mv2.png,
TD-13,imagenes/TD-13.jpg,Tierradentro,https://unasaracastrillonch.wixsite.com/portafolio/copia-de-equestrian,2405 - ALADO TIERRA ADENTRO LOOKBOOK  (1239).jpg,https://static.wixstatic.com/media/546c42_24ace0dd1ae1498e80b59010863e22f5~mv2.jpg,
TD-14,imagenes/TD-14.jpg,Tierradentro,https://unasaracastrillonch.wixsite.com/portafolio/copia-de-equestrian,MEDALLON PEQUENO.png,https://static.wixstatic.com/media/546c42_318aee287ae34e8e8e258ccffe059b59~mv2.png,
TD-15,imagenes/TD-15.jpg,Tierradentro,https://unasaracastrillonch.wixsite.com/portafolio/copia-de-equestrian,2405 - ALADO TIERRA ADENTRO LOOKBOOK  (1204).jpg,https://static.wixstatic.com/media/546c42_29fb28ac01614d449d93d51404d31300~mv2.jpg,
TD-16,imagenes/TD-16.jpg,Tierradentro,https://unasaracastrillonch.wixsite.com/portafolio/copia-de-equestrian,MANCHAS DE PINTURA DEGRADADA -GRANDE_edited.jpg,https://static.wixstatic.com/media/546c42_3e60390f4f4140d4b88a20ede2defd85~mv2.jpg,
TD-17,imagenes/TD-17.jpg,Tierradentro,https://unasaracastrillonch.wixsite.com/portafolio/copia-de-equestrian,2405 - ALADO TIERRA ADENTRO CAMPAÑA (147).jpg,https://static.wixstatic.com/media/546c42_3d9159b90f5547e4831b485c83287253~mv2.jpg,PAP-05
TD-18,imagenes/TD-18.jpg,Tierradentro,https://unasaracastrillonch.wixsite.com/portafolio/copia-de-equestrian,2405 - ALADO TIERRA ADENTRO LOOKBOOK  (0358).jpg,https://static.wixstatic.com/media/546c42_31edb2404cc1407a95db5d69a0bf744d~mv2.jpg,
TD-19,imagenes/TD-19.jpg,Tierradentro,https://unasaracastrillonch.wixsite.com/portafolio/copia-de-equestrian,2405 - ALADO TIERRA ADENTRO LOOKBOOK  (0223).jpg,https://static.wixstatic.com/media/546c42_48e9b3a47cda4b44ad3c771d1f02832c~mv2.jpg,
TD-20,imagenes/TD-20.jpg,Tierradentro,https://unasaracastrillonch.wixsite.com/portafolio/copia-de-equestrian,VESTIDO BORRACHERO-01.png,https://static.wixstatic.com/media/546c42_e599b2dade6e40e5a17b62e8cc9657b0~mv2.png,
TD-21,imagenes/TD-21.jpg,Tierradentro,https://unasaracastrillonch.wixsite.com/portafolio/copia-de-equestrian,2405 - ALADO TIERRA ADENTRO LOOKBOOK  (0323).jpg,https://static.wixstatic.com/media/546c42_97c4a61c1dfb40f58a2db2635648c0ea~mv2.jpg,
TD-22,imagenes/TD-22.jpg,Tierradentro,https://unasaracastrillonch.wixsite.com/portafolio/copia-de-equestrian,CAMISA BORRACHERO-01-01.png,https://static.wixstatic.com/media/546c42_b754366a7d454067832e158b9700f819~mv2.png,
TD-23,imagenes/TD-23.jpg,Tierradentro,https://unasaracastrillonch.wixsite.com/portafolio/copia-de-equestrian,2405 - ALADO TIERRA ADENTRO LOOKBOOK  (0410).jpg,https://static.wixstatic.com/media/546c42_6acbae88dc2645059607e7e77ab2659e~mv2.jpg,
TD-24,imagenes/TD-24.jpg,Tierradentro,https://unasaracastrillonch.wixsite.com/portafolio/copia-de-equestrian,PATRÓN PERSONITAS-ENTONADAS.png,https://static.wixstatic.com/media/546c42_88b2bc6facaf4d8fb26ceaf7164d17c9~mv2.png,
TD-25,imagenes/TD-25.jpg,Tierradentro,https://unasaracastrillonch.wixsite.com/portafolio/copia-de-equestrian,2405 - ALADO TIERRA ADENTRO LOOKBOOK  (0436).jpg,https://static.wixstatic.com/media/546c42_72c00c0c72b84c139f06041ed8e772b3~mv2.jpg,
TD-26,imagenes/TD-26.jpg,Tierradentro,https://unasaracastrillonch.wixsite.com/portafolio/copia-de-equestrian,PREUBA DE IMPRESIÓN PATRONES PUERTO CLANDESTINOnegro_Mesa de trabajo 1.png,https://static.wixstatic.com/media/546c42_b167bdfbb2d04737b5ed2df2b1aa146b~mv2.png,
TD-27,imagenes/TD-27.jpg,Tierradentro,https://unasaracastrillonch.wixsite.com/portafolio/copia-de-equestrian,2401 - ALADO LORICA  (371).jpg,https://static.wixstatic.com/media/546c42_5da1f58159cc43d3acb25a3714fbadd0~mv2.jpg,
TD-28,imagenes/TD-28.jpg,Tierradentro,https://unasaracastrillonch.wixsite.com/portafolio/copia-de-equestrian,PREUBA DE IMPRESIÓN PATRONES PUERTO CLANDESTINO_Mesa de trabajo 1.png,https://static.wixstatic.com/media/546c42_2284055e995a4bbfa6dce7b701521bd1~mv2.png,
TD-29,imagenes/TD-29.jpg,Tierradentro,https://unasaracastrillonch.wixsite.com/portafolio/copia-de-equestrian,2401 - ALADO LORICA  (432).jpg,https://static.wixstatic.com/media/546c42_00afadb1c84444c897c7c2604641ec55~mv2.jpg,
TD-30,imagenes/TD-30.jpg,Tierradentro,https://unasaracastrillonch.wixsite.com/portafolio/copia-de-equestrian,2401 - ALADO LORICA  (459).jpg,https://static.wixstatic.com/media/546c42_74b578f21788484aa9cb829b5c754e99~mv2.jpg,
TD-31,imagenes/TD-31.jpg,Tierradentro,https://unasaracastrillonch.wixsite.com/portafolio/copia-de-equestrian,2401 - ALADO LORICA  (297).jpg,https://static.wixstatic.com/media/546c42_436160ec65a74bddb694f07247b9bf6c~mv2.jpg,
TD-32,imagenes/TD-32.jpg,Tierradentro,https://unasaracastrillonch.wixsite.com/portafolio/copia-de-equestrian,PATRÓN CONTINUO CHIRIMÍA FONDO NEGRO -01.png,https://static.wixstatic.com/media/546c42_1f55fe047dc64e94842ce919968d61cb~mv2.png,
TD-33,imagenes/TD-33.jpg,Tierradentro,https://unasaracastrillonch.wixsite.com/portafolio/copia-de-equestrian,2401 - ALADO LORICA  (008).jpg,https://static.wixstatic.com/media/546c42_6ef7c8adcf07414c85c1ab9a393022bd~mv2.jpg,
TD-34,imagenes/TD-34.jpg,Tierradentro,https://unasaracastrillonch.wixsite.com/portafolio/copia-de-equestrian,2401 - ALADO LORICA  (059).jpg,https://static.wixstatic.com/media/546c42_4a696b29c7064d3492abbf9859111710~mv2.jpg,
TD-35,imagenes/TD-35.jpg,Tierradentro,https://unasaracastrillonch.wixsite.com/portafolio/copia-de-equestrian,2401 - ALADO LORICA  (061).jpg,https://static.wixstatic.com/media/546c42_30aa031f2c154e57ba81053a34951db6~mv2.jpg,
TD-36,imagenes/TD-36.jpg,Tierradentro,https://unasaracastrillonch.wixsite.com/portafolio/copia-de-equestrian,_BFW1686.jpg,https://static.wixstatic.com/media/546c42_77f9f2d9fcf14fec995c6ef00da58685~mv2.jpg,
TD-37,imagenes/TD-37.jpg,Tierradentro,https://unasaracastrillonch.wixsite.com/portafolio/copia-de-equestrian,_BFW1673.jpg,https://static.wixstatic.com/media/546c42_276cf7afa4054085ad1106c29b7dc171~mv2.jpg,
TD-38,imagenes/TD-38.jpg,Tierradentro,https://unasaracastrillonch.wixsite.com/portafolio/copia-de-equestrian,_BFW1766.jpg,https://static.wixstatic.com/media/546c42_3e56a625137244df8338d86933dea6a4~mv2.jpg,
TD-39,imagenes/TD-39.jpg,Tierradentro,https://unasaracastrillonch.wixsite.com/portafolio/copia-de-equestrian,_BFW1773.jpg,https://static.wixstatic.com/media/546c42_9781013a17694a25b7b574a8c204540a~mv2.jpg,
TD-40,imagenes/TD-40.jpg,Tierradentro,https://unasaracastrillonch.wixsite.com/portafolio/copia-de-equestrian,_BFW1786.jpg,https://static.wixstatic.com/media/546c42_9f4128566ada4d328466763583bcb664~mv2.jpg,
TD-41,imagenes/TD-41.jpg,Tierradentro,https://unasaracastrillonch.wixsite.com/portafolio/copia-de-equestrian,_BFW1791.jpg,https://static.wixstatic.com/media/546c42_d5aadc1cbcad4b7cad583e63d7b7734f~mv2.jpg,
TD-42,imagenes/TD-42.jpg,Tierradentro,https://unasaracastrillonch.wixsite.com/portafolio/copia-de-equestrian,_BFW1799.jpg,https://static.wixstatic.com/media/546c42_b6a1a18f5c54432fa48d05b81303a7bf~mv2.jpg,
TD-43,imagenes/TD-43.jpg,Tierradentro,https://unasaracastrillonch.wixsite.com/portafolio/copia-de-equestrian,_BFW1821.jpg,https://static.wixstatic.com/media/546c42_10c2d023c02d43479fa8b7c904926ce7~mv2.jpg,
TD-44,imagenes/TD-44.jpg,Tierradentro,https://unasaracastrillonch.wixsite.com/portafolio/copia-de-equestrian,_BFW1736.jpg,https://static.wixstatic.com/media/546c42_39f682aa8f0b448a9dc8ec217ec50f6d~mv2.jpg,
TD-45,imagenes/TD-45.jpg,Tierradentro,https://unasaracastrillonch.wixsite.com/portafolio/copia-de-equestrian,_BFW1836.jpg,https://static.wixstatic.com/media/546c42_c95595d2babe4e03b93fd3a0f799ecf5~mv2.jpg,
TD-46,imagenes/TD-46.jpg,Tierradentro,https://unasaracastrillonch.wixsite.com/portafolio/copia-de-equestrian,_BFW1869.jpg,https://static.wixstatic.com/media/546c42_49e2c09ce2b743daa4f24747e623001c~mv2.jpg,
TD-47,imagenes/TD-47.jpg,Tierradentro,https://unasaracastrillonch.wixsite.com/portafolio/copia-de-equestrian,_BFW1863.jpg,https://static.wixstatic.com/media/546c42_a2c8eb4c315f4daebe66049d1b05a80b~mv2.jpg,
TD-48,imagenes/TD-48.jpg,Tierradentro,https://unasaracastrillonch.wixsite.com/portafolio/copia-de-equestrian,_BFW1883.jpg,https://static.wixstatic.com/media/546c42_d67cff234c3d4a4b85aea68c25d430e4~mv2.jpg,
TD-49,imagenes/TD-49.jpg,Tierradentro,https://unasaracastrillonch.wixsite.com/portafolio/copia-de-equestrian,_BFW1877.jpg,https://static.wixstatic.com/media/546c42_0c109fffe26f4f54a7efcf31198cb6b7~mv2.jpg,
TD-50,imagenes/TD-50.jpg,Tierradentro,https://unasaracastrillonch.wixsite.com/portafolio/copia-de-equestrian,_BFW1891.jpg,https://static.wixstatic.com/media/546c42_6b2b64814f7745948b564be3bba529eb~mv2.jpg,
TD-51,imagenes/TD-51.jpg,Tierradentro,https://unasaracastrillonch.wixsite.com/portafolio/copia-de-equestrian,_BFW1899.jpg,https://static.wixstatic.com/media/546c42_e0f44a8b4b7c40dc98b7961613be151b~mv2.jpg,
TD-52,imagenes/TD-52.jpg,Tierradentro,https://unasaracastrillonch.wixsite.com/portafolio/copia-de-equestrian,_BFW1937.jpg,https://static.wixstatic.com/media/546c42_3581dd7cc4bf416b82ead73db0d91b60~mv2.jpg,
TD-53,imagenes/TD-53.jpg,Tierradentro,https://unasaracastrillonch.wixsite.com/portafolio/copia-de-equestrian,_BFW1940.jpg,https://static.wixstatic.com/media/546c42_b073e36e97e34c83b3c6e6e63b15b20c~mv2.jpg,
TD-54,imagenes/TD-54.jpg,Tierradentro,https://unasaracastrillonch.wixsite.com/portafolio/copia-de-equestrian,_BFW1951.jpg,https://static.wixstatic.com/media/546c42_6c2ca8a660714538a676729be1d7bfea~mv2.jpg,
TD-55,imagenes/TD-55.jpg,Tierradentro,https://unasaracastrillonch.wixsite.com/portafolio/copia-de-equestrian,_BFW1977.jpg,https://static.wixstatic.com/media/546c42_ba380d9afc044c5d9f5f03a294e5a56d~mv2.jpg,
TD-56,imagenes/TD-56.jpg,Tierradentro,https://unasaracastrillonch.wixsite.com/portafolio/copia-de-equestrian,_BFW1980.jpg,https://static.wixstatic.com/media/546c42_8cbd3634c3ef49db883683666296a019~mv2.jpg,
ALQ-01,imagenes/ALQ-01.jpg,L'Alchimiste / La Alquimista,https://unasaracastrillonch.wixsite.com/portafolio/copia-de-equestrian-1,2304 - ALADO ALQUIMISTA (21 -  097).jpg,https://static.wixstatic.com/media/546c42_8c09b5a6aa4c4b13b7c416bc7895c93c~mv2.jpg,
ALQ-02,imagenes/ALQ-02.jpg,L'Alchimiste / La Alquimista,https://unasaracastrillonch.wixsite.com/portafolio/copia-de-equestrian-1,GRÁFICO CONCEPT _Mesa de trabajo 1.png,https://static.wixstatic.com/media/546c42_d2b0b89f21874067834164c0530b6cb5~mv2.png,
ALQ-03,imagenes/ALQ-03.jpg,L'Alchimiste / La Alquimista,https://unasaracastrillonch.wixsite.com/portafolio/copia-de-equestrian-1,2304 - ALADO ALQUIMISTA (26 -  081).jpg,https://static.wixstatic.com/media/546c42_b794a605c14c4f7389b5867ce4313269~mv2.jpg,
ALQ-04,imagenes/ALQ-04.jpg,L'Alchimiste / La Alquimista,https://unasaracastrillonch.wixsite.com/portafolio/copia-de-equestrian-1,2304 - ALADO ALQUIMISTA (01 -  042).jpg,https://static.wixstatic.com/media/546c42_e22838ef99634310adcb5c8f2d55c5b6~mv2.jpg,
ALQ-05,imagenes/ALQ-05.jpg,L'Alchimiste / La Alquimista,https://unasaracastrillonch.wixsite.com/portafolio/copia-de-equestrian-1,2304 - ALADO ALQUIMISTA (11 -  042).jpg,https://static.wixstatic.com/media/546c42_0958df4bffbe4e6e962e9a46b3ea34df~mv2.jpg,
ALQ-06,imagenes/ALQ-06.jpg,L'Alchimiste / La Alquimista,https://unasaracastrillonch.wixsite.com/portafolio/copia-de-equestrian-1,2304 - ALADO ALQUIMISTA (11 -  002).jpg,https://static.wixstatic.com/media/546c42_cd3f2e82099045278703541a04d4f061~mv2.jpg,
ALQ-07,imagenes/ALQ-07.jpg,L'Alchimiste / La Alquimista,https://unasaracastrillonch.wixsite.com/portafolio/copia-de-equestrian-1,2304 - ALADO ALQUIMISTA (11 -  095).jpg,https://static.wixstatic.com/media/546c42_ff1bf44b96614541a5adc913979a953d~mv2.jpg,
ALQ-08,imagenes/ALQ-08.jpg,L'Alchimiste / La Alquimista,https://unasaracastrillonch.wixsite.com/portafolio/copia-de-equestrian-1,2304 - ALADO ALQUIMISTA (29 -  006).jpg,https://static.wixstatic.com/media/546c42_0e4e763036c34c6daf75a6b0d3e6c189~mv2.jpg,
ALQ-09,imagenes/ALQ-09.jpg,L'Alchimiste / La Alquimista,https://unasaracastrillonch.wixsite.com/portafolio/copia-de-equestrian-1,GUARDAS KIMONO-02.png,https://static.wixstatic.com/media/546c42_476120fa2e8c454caa1daf34ccfe954b~mv2.png,
ALQ-10,imagenes/ALQ-10.jpg,L'Alchimiste / La Alquimista,https://unasaracastrillonch.wixsite.com/portafolio/copia-de-equestrian-1,GUARDAS KIMONO_Mesa de trabajo 1 copia.png,https://static.wixstatic.com/media/546c42_4af379430aa64550b4a5e75a284c7183~mv2.png,
ALQ-11,imagenes/ALQ-11.jpg,L'Alchimiste / La Alquimista,https://unasaracastrillonch.wixsite.com/portafolio/copia-de-equestrian-1,CAMPAÑA-04.png,https://static.wixstatic.com/media/546c42_c8d3ca543dba4cf185286804f27763b6~mv2.png,
ALQ-12,imagenes/ALQ-12.jpg,L'Alchimiste / La Alquimista,https://unasaracastrillonch.wixsite.com/portafolio/copia-de-equestrian-1,CAMPAÑA-05.png,https://static.wixstatic.com/media/546c42_4dbfa6cb8c034b18ace9d07b316aa038~mv2.png,
ALQ-13,imagenes/ALQ-13.jpg,L'Alchimiste / La Alquimista,https://unasaracastrillonch.wixsite.com/portafolio/copia-de-equestrian-1,VESTIDO BLANCO PONCHO CORREGIDO FINAL_Mesa de trabajo 1.png,https://static.wixstatic.com/media/546c42_0674262baa564713a1203c98a76ddfad~mv2.png,
ALQ-14,imagenes/ALQ-14.jpg,L'Alchimiste / La Alquimista,https://unasaracastrillonch.wixsite.com/portafolio/copia-de-equestrian-1,2304 - ALADO ALQUIMISTA (08 -  053).jpg,https://static.wixstatic.com/media/546c42_e6f03eea3bf640589e2704eb98453a16~mv2.jpg,
ALQ-15,imagenes/ALQ-15.jpg,L'Alchimiste / La Alquimista,https://unasaracastrillonch.wixsite.com/portafolio/copia-de-equestrian-1,2304 - ALADO ALQUIMISTA (08 -  010).jpg,https://static.wixstatic.com/media/546c42_16f9006ef999430c9f20995ec0a3a09d~mv2.jpg,
ALQ-16,imagenes/ALQ-16.jpg,L'Alchimiste / La Alquimista,https://unasaracastrillonch.wixsite.com/portafolio/copia-de-equestrian-1,FALDA LÍNEA A 2 COLORES ARREGLADA_Mesa de trabajo 1.png,https://static.wixstatic.com/media/546c42_6eeddf2ee1264f1f960c8e981fdade24~mv2.png,
ALQ-17,imagenes/ALQ-17.jpg,L'Alchimiste / La Alquimista,https://unasaracastrillonch.wixsite.com/portafolio/copia-de-equestrian-1,2304 - ALADO ALQUIMISTA (06 -  116).jpg,https://static.wixstatic.com/media/546c42_877240159c7847cca471bd029fc05c45~mv2.jpg,
ALQ-18,imagenes/ALQ-18.jpg,L'Alchimiste / La Alquimista,https://unasaracastrillonch.wixsite.com/portafolio/copia-de-equestrian-1,2304 - ALADO ALQUIMISTA (06 -  007).jpg,https://static.wixstatic.com/media/546c42_f81db5d25ac444e2865357f1159f4a9d~mv2.jpg,
ALQ-19,imagenes/ALQ-19.jpg,L'Alchimiste / La Alquimista,https://unasaracastrillonch.wixsite.com/portafolio/copia-de-equestrian-1,2304 - ALADO ALQUIMISTA (03 -  091).jpg,https://static.wixstatic.com/media/546c42_0a30fc3657924bf590a7c53d0a6d2d3d~mv2.jpg,
ALQ-20,imagenes/ALQ-20.jpg,L'Alchimiste / La Alquimista,https://unasaracastrillonch.wixsite.com/portafolio/copia-de-equestrian-1,FALDA LÍNEA A 2 COLORES ARREGLADA_Mesa de trabajo 1 copia.png,https://static.wixstatic.com/media/546c42_892e4e5920834ff380ba6c2a7b037579~mv2.png,
ALQ-21,imagenes/ALQ-21.jpg,L'Alchimiste / La Alquimista,https://unasaracastrillonch.wixsite.com/portafolio/copia-de-equestrian-1,VESTIDO PARASELSO-01.png,https://static.wixstatic.com/media/546c42_32199d28cf2d4568a6b0acf8f4c47426~mv2.png,
ALQ-22,imagenes/ALQ-22.jpg,L'Alchimiste / La Alquimista,https://unasaracastrillonch.wixsite.com/portafolio/copia-de-equestrian-1,2304 - ALADO ALQUIMISTA (14 -  041).jpg,https://static.wixstatic.com/media/546c42_fa179ad08d064f7b9a7aa69ecef86222~mv2.jpg,
ALQ-23,imagenes/ALQ-23.jpg,L'Alchimiste / La Alquimista,https://unasaracastrillonch.wixsite.com/portafolio/copia-de-equestrian-1,CAMPAÑA-02.png,https://static.wixstatic.com/media/546c42_621cad1ab7374e83ac422abfa7e1c9fc~mv2.png,
ALQ-24,imagenes/ALQ-24.jpg,L'Alchimiste / La Alquimista,https://unasaracastrillonch.wixsite.com/portafolio/copia-de-equestrian-1,2304 - ALADO ALQUIMISTA (24 -  034).jpg,https://static.wixstatic.com/media/546c42_80a04aff4ef5446f80272fb66850c144~mv2.jpg,
ALQ-25,imagenes/ALQ-25.jpg,L'Alchimiste / La Alquimista,https://unasaracastrillonch.wixsite.com/portafolio/copia-de-equestrian-1,CHAQUETA CHANNEL_Mesa de trabajo 1.png,https://static.wixstatic.com/media/546c42_ad6263c2a0e949b6b00d0ec06ef3a5ff~mv2.png,
ALQ-26,imagenes/ALQ-26.jpg,L'Alchimiste / La Alquimista,https://unasaracastrillonch.wixsite.com/portafolio/copia-de-equestrian-1,2304 - ALADO ALQUIMISTA (24 -  048).jpg,https://static.wixstatic.com/media/546c42_f5fe00c572e34d13808298d58fde6793~mv2.jpg,
ALQ-27,imagenes/ALQ-27.jpg,L'Alchimiste / La Alquimista,https://unasaracastrillonch.wixsite.com/portafolio/copia-de-equestrian-1,Vestido Morito VERDE (GRAÁFICO X7) - copia-01.png,https://static.wixstatic.com/media/546c42_4804a9016011404ba04078564edc145f~mv2.png,
ALQ-28,imagenes/ALQ-28.jpg,L'Alchimiste / La Alquimista,https://unasaracastrillonch.wixsite.com/portafolio/copia-de-equestrian-1,CAMPAÑA-03.png,https://static.wixstatic.com/media/546c42_d6293330f9da4bf0ad723c56d6a45fc8~mv2.png,
ALQ-29,imagenes/ALQ-29.jpg,L'Alchimiste / La Alquimista,https://unasaracastrillonch.wixsite.com/portafolio/copia-de-equestrian-1,2304 - ALADO ALQUIMISTA (16 -  004).jpg,https://static.wixstatic.com/media/546c42_1cb8723feee241628855d36ee6b95781~mv2.jpg,
ALQ-30,imagenes/ALQ-30.jpg,L'Alchimiste / La Alquimista,https://unasaracastrillonch.wixsite.com/portafolio/copia-de-equestrian-1,Vestido Morito CRUDO-01.png,https://static.wixstatic.com/media/546c42_4ec7e8e53a5641328aa05ee7f5760943~mv2.png,
ALQ-31,imagenes/ALQ-31.jpg,L'Alchimiste / La Alquimista,https://unasaracastrillonch.wixsite.com/portafolio/copia-de-equestrian-1,Vestido Marsella_Mesa de trabajo 1.png,https://static.wixstatic.com/media/546c42_98319ed11c3a49cfa91405b0d4a98582~mv2.png,
ALQ-32,imagenes/ALQ-32.jpg,L'Alchimiste / La Alquimista,https://unasaracastrillonch.wixsite.com/portafolio/copia-de-equestrian-1,2304 - ALADO ALQUIMISTA (21 -  111).jpg,https://static.wixstatic.com/media/546c42_e9357eba3c0e4d1296445f2d4c17e9f4~mv2.jpg,PAP-06
ALQ-33,imagenes/ALQ-33.jpg,L'Alchimiste / La Alquimista,https://unasaracastrillonch.wixsite.com/portafolio/copia-de-equestrian-1,2304 - ALADO ALQUIMISTA (21 -  114).jpg,https://static.wixstatic.com/media/546c42_f5cfec96011b4e7f83e8eac4710bdb2c~mv2.jpg,
ALQ-34,imagenes/ALQ-34.jpg,L'Alchimiste / La Alquimista,https://unasaracastrillonch.wixsite.com/portafolio/copia-de-equestrian-1,2304 - ALADO ALQUIMISTA (22 -  013).jpg,https://static.wixstatic.com/media/546c42_99fb86c1b8a347bb8bf5e73dc1fdb99a~mv2.jpg,
ALQ-35,imagenes/ALQ-35.jpg,L'Alchimiste / La Alquimista,https://unasaracastrillonch.wixsite.com/portafolio/copia-de-equestrian-1,BORDDO VESTIDO AZUL FINAL_Mesa de trabajo 1.png,https://static.wixstatic.com/media/546c42_b472a26ced34498dbbe0580401a6dc2c~mv2.png,
ALQ-36,imagenes/ALQ-36.jpg,L'Alchimiste / La Alquimista,https://unasaracastrillonch.wixsite.com/portafolio/copia-de-equestrian-1,ARTE BUSOS-04.png,https://static.wixstatic.com/media/546c42_84c62812e2b4466c981c49ab80f5df8d~mv2.png,
ALQ-37,imagenes/ALQ-37.jpg,L'Alchimiste / La Alquimista,https://unasaracastrillonch.wixsite.com/portafolio/copia-de-equestrian-1,CAMPAÑA-01.png,https://static.wixstatic.com/media/546c42_028c621248e34fdcb52660119b5478db~mv2.png,
HOG-01,imagenes/HOG-01.jpg,Hogar y Textiles (portadas),https://unasaracastrillonch.wixsite.com/portafolio/copia-de-prêt-à-porter,FOTO PRODUCTO NAVIDAD - (12).jpg,https://static.wixstatic.com/media/546c42_bb7202f3ad014da4ae356802427461ea~mv2.jpg,
HOG-02,imagenes/HOG-02.jpg,Hogar y Textiles (portadas),https://unasaracastrillonch.wixsite.com/portafolio/copia-de-prêt-à-porter,,https://static.wixstatic.com/media/546c42_3c3d0a755f344208ac081b8e64064ddf~mv2.jpg,
HOG-03,imagenes/HOG-03.jpg,Hogar y Textiles (portadas),https://unasaracastrillonch.wixsite.com/portafolio/copia-de-prêt-à-porter,,https://static.wixstatic.com/media/546c42_69c7f58c8ea9448fae5c458608bb13ff~mv2.jpg,
CC-01,imagenes/CC-01.jpg,Casa de Campo,https://unasaracastrillonch.wixsite.com/portafolio/copia-de-el-jardín-republicano-1,,https://static.wixstatic.com/media/546c42_8a94f20f2aa445d0928ca1bf5ebe579b~mv2.jpg,
CC-02,imagenes/CC-02.jpg,Casa de Campo,https://unasaracastrillonch.wixsite.com/portafolio/copia-de-el-jardín-republicano-1,COJIN 50X50 MEDALLON PATCHWORK_Mesa de trabajo 1.png,https://static.wixstatic.com/media/546c42_191d26c6c64b4d27a40a28232d1892f1~mv2.png,
CC-03,imagenes/CC-03.jpg,Casa de Campo,https://unasaracastrillonch.wixsite.com/portafolio/copia-de-el-jardín-republicano-1,COJIN RIÑONERO 50X35 PATCHWORK_Mesa de trabajo 1.png,https://static.wixstatic.com/media/546c42_c7fde0e94b7e435e86e2f02ad967fc8c~mv2.png,
CC-04,imagenes/CC-04.jpg,Casa de Campo,https://unasaracastrillonch.wixsite.com/portafolio/copia-de-el-jardín-republicano-1,CAMINO DE MESA 150X50 PATCHWORK-01.png,https://static.wixstatic.com/media/546c42_d06819fe562c49eaba056f9361aba7ca~mv2.png,
CC-05,imagenes/CC-05.jpg,Casa de Campo,https://unasaracastrillonch.wixsite.com/portafolio/copia-de-el-jardín-republicano-1,MANTEL 150X222 PATCHWORK cerca_Mesa de trabajo 1.png,https://static.wixstatic.com/media/546c42_97ee69c2c11a43ce8cbe61e2c9f251b8~mv2.png,
CC-06,imagenes/CC-06.jpg,Casa de Campo,https://unasaracastrillonch.wixsite.com/portafolio/copia-de-el-jardín-republicano-1,MANTEL 150X222 PATCHWORK_Mesa de trabajo 1.png,https://static.wixstatic.com/media/546c42_9639157d143240a5b1ae7c8a39d367e8~mv2.png,
CC-07,imagenes/CC-07.jpg,Casa de Campo,https://unasaracastrillonch.wixsite.com/portafolio/copia-de-el-jardín-republicano-1,FOTO PRODUCTO NAVIDAD - (14).jpg,https://static.wixstatic.com/media/546c42_86e513b82b134d7eb66990c614ea9744~mv2.jpg,
CC-08,imagenes/CC-08.jpg,Casa de Campo,https://unasaracastrillonch.wixsite.com/portafolio/copia-de-el-jardín-republicano-1,FOTO PRODUCTO NAVIDAD - (15).jpg,https://static.wixstatic.com/media/546c42_1a3686c3e9c9470e9a5532d091e73c76~mv2.jpg,
CC-09,imagenes/CC-09.jpg,Casa de Campo,https://unasaracastrillonch.wixsite.com/portafolio/copia-de-el-jardín-republicano-1,FOTO PRODUCTO NAVIDAD - (16).jpg,https://static.wixstatic.com/media/546c42_3ab5a36ce6bc4a6a96d3aeb00ac56534~mv2.jpg,
CC-10,imagenes/CC-10.jpg,Casa de Campo,https://unasaracastrillonch.wixsite.com/portafolio/copia-de-el-jardín-republicano-1,FOTO PRODUCTO NAVIDAD - (08).jpg,https://static.wixstatic.com/media/546c42_c2fe9bc77e6c4120b1f90c41ee775105~mv2.jpg,
CC-11,imagenes/CC-11.jpg,Casa de Campo,https://unasaracastrillonch.wixsite.com/portafolio/copia-de-el-jardín-republicano-1,FOTO PRODUCTO NAVIDAD - (12).jpg,https://static.wixstatic.com/media/546c42_bb7202f3ad014da4ae356802427461ea~mv2.jpg,HOG-01
CC-12,imagenes/CC-12.jpg,Casa de Campo,https://unasaracastrillonch.wixsite.com/portafolio/copia-de-el-jardín-republicano-1,FOTO PRODUCTO NAVIDAD - (20).jpg,https://static.wixstatic.com/media/546c42_7ab60cbb731b47c2aad1c01750aa9c1c~mv2.jpg,
CC-13,imagenes/CC-13.jpg,Casa de Campo,https://unasaracastrillonch.wixsite.com/portafolio/copia-de-el-jardín-republicano-1,FOTO PRODUCTO NAVIDAD - (21).jpg,https://static.wixstatic.com/media/546c42_a4f218da695c44b1a9c90e21a320c88d~mv2.jpg,
CC-14,imagenes/CC-14.jpg,Casa de Campo,https://unasaracastrillonch.wixsite.com/portafolio/copia-de-el-jardín-republicano-1,FOTO PRODUCTO NAVIDAD - (11).jpg,https://static.wixstatic.com/media/546c42_60d79f331e4d4dac8698202e62f46a91~mv2.jpg,
JR-01,imagenes/JR-01.jpg,El Jardín Republicano,https://unasaracastrillonch.wixsite.com/portafolio/copia-de-la-república-1,,https://static.wixstatic.com/media/546c42_1e70db19bad8474ca198c74ca48180f6~mv2.jpg,
JR-02,imagenes/JR-02.jpg,El Jardín Republicano,https://unasaracastrillonch.wixsite.com/portafolio/copia-de-la-república-1,COJIN JARDIN 50x50Mesa de trabajo 1.png,https://static.wixstatic.com/media/546c42_c217179ff563499a8f9e948f0a1d4d91~mv2.png,
JR-03,imagenes/JR-03.jpg,El Jardín Republicano,https://unasaracastrillonch.wixsite.com/portafolio/copia-de-la-república-1,INDIVIDUALES JARDÍN 50X35Mesa de trabajo 1.png,https://static.wixstatic.com/media/546c42_57b11d99b3ab44279e94c6e545f9000c~mv2.png,
JR-04,imagenes/JR-04.jpg,El Jardín Republicano,https://unasaracastrillonch.wixsite.com/portafolio/copia-de-la-república-1,1Mesa de trabajo 1.png,https://static.wixstatic.com/media/546c42_bf005689ab564bc99b77cd965f0ff225~mv2.png,
JR-05,imagenes/JR-05.jpg,El Jardín Republicano,https://unasaracastrillonch.wixsite.com/portafolio/copia-de-la-república-1,Mesa de trabajo 1.png,https://static.wixstatic.com/media/546c42_208c7d68a51d4645aeedf214f1d4cb2c~mv2.png,
JR-06,imagenes/JR-06.jpg,El Jardín Republicano,https://unasaracastrillonch.wixsite.com/portafolio/copia-de-la-república-1,MANTEL JARDIN 150X220.png,https://static.wixstatic.com/media/546c42_6f4afbaff3204d819a5e952de5045be6~mv2.png,
JR-07,imagenes/JR-07.jpg,El Jardín Republicano,https://unasaracastrillonch.wixsite.com/portafolio/copia-de-la-república-1,LA REPUBLICA PARA SHOPIFY.jpg,https://static.wixstatic.com/media/546c42_fc4d325acc4c4ebb8ba051daf3c76539~mv2.jpg,
JR-08,imagenes/JR-08.jpg,El Jardín Republicano,https://unasaracastrillonch.wixsite.com/portafolio/copia-de-la-república-1,LA REPUBLICA PARA SHOPIFY-8.jpg,https://static.wixstatic.com/media/546c42_61c284f149a643be890b4214a9d33e05~mv2.jpg,
JR-09,imagenes/JR-09.jpg,El Jardín Republicano,https://unasaracastrillonch.wixsite.com/portafolio/copia-de-la-república-1,LA REPUBLICA PARA SHOPIFY-16.jpg,https://static.wixstatic.com/media/546c42_d9fc18ea0116422b8cdac19281963c05~mv2.jpg,
JR-10,imagenes/JR-10.jpg,El Jardín Republicano,https://unasaracastrillonch.wixsite.com/portafolio/copia-de-la-república-1,LA REPUBLICA PARA SHOPIFY-6.jpg,https://static.wixstatic.com/media/546c42_414d1b143e894fb1a910de81882062e7~mv2.jpg,
JR-11,imagenes/JR-11.jpg,El Jardín Republicano,https://unasaracastrillonch.wixsite.com/portafolio/copia-de-la-república-1,LA REPUBLICA PARA SHOPIFY-23.jpg,https://static.wixstatic.com/media/546c42_d362c07806e548c28a9ddb460379b7d6~mv2.jpg,
JR-12,imagenes/JR-12.jpg,El Jardín Republicano,https://unasaracastrillonch.wixsite.com/portafolio/copia-de-la-república-1,LA REPUBLICA PARA SHOPIFY-9.jpg,https://static.wixstatic.com/media/546c42_65e539e743824a079f3a355b2d2de718~mv2.jpg,
JR-13,imagenes/JR-13.jpg,El Jardín Republicano,https://unasaracastrillonch.wixsite.com/portafolio/copia-de-la-república-1,LA REPUBLICA PARA SHOPIFY-87.jpg,https://static.wixstatic.com/media/546c42_2f4076ee69b942548af1417267743041~mv2.jpg,
JR-14,imagenes/JR-14.jpg,El Jardín Republicano,https://unasaracastrillonch.wixsite.com/portafolio/copia-de-la-república-1,LA REPUBLICA PARA SHOPIFY-112.jpg,https://static.wixstatic.com/media/546c42_7fdcd933b15042b58c32ba2a0fc858d0~mv2.jpg,
JR-15,imagenes/JR-15.jpg,El Jardín Republicano,https://unasaracastrillonch.wixsite.com/portafolio/copia-de-la-república-1,LA REPUBLICA PARA SHOPIFY-86.jpg,https://static.wixstatic.com/media/546c42_17aa573c27d949ae822e2ad3fa4462e4~mv2.jpg,
JR-16,imagenes/JR-16.jpg,El Jardín Republicano,https://unasaracastrillonch.wixsite.com/portafolio/copia-de-la-república-1,LA REPUBLICA PARA SHOPIFY-125.jpg,https://static.wixstatic.com/media/546c42_236228fda6e24c8190fb134442cb9fd3~mv2.jpg,
JR-17,imagenes/JR-17.jpg,El Jardín Republicano,https://unasaracastrillonch.wixsite.com/portafolio/copia-de-la-república-1,LA REPUBLICA PARA SHOPIFY-118.jpg,https://static.wixstatic.com/media/546c42_de35f36607f44890964734b1cab90999~mv2.jpg,
JR-18,imagenes/JR-18.jpg,El Jardín Republicano,https://unasaracastrillonch.wixsite.com/portafolio/copia-de-la-república-1,LA REPUBLICA PARA SHOPIFY-117.jpg,https://static.wixstatic.com/media/546c42_1c85603dc61a4c4c8ad5326e00bfcb4c~mv2.jpg,
JR-19,imagenes/JR-19.jpg,El Jardín Republicano,https://unasaracastrillonch.wixsite.com/portafolio/copia-de-la-república-1,LA REPUBLICA PARA SHOPIFY-116.jpg,https://static.wixstatic.com/media/546c42_ed495f6c6f7a4a51b9e71f375fccb6cd~mv2.jpg,
JR-20,imagenes/JR-20.jpg,El Jardín Republicano,https://unasaracastrillonch.wixsite.com/portafolio/copia-de-la-república-1,LA REPUBLICA PARA SHOPIFY-90.jpg,https://static.wixstatic.com/media/546c42_b90df2122c964a40bf53dba22942180f~mv2.jpg,
JR-21,imagenes/JR-21.jpg,El Jardín Republicano,https://unasaracastrillonch.wixsite.com/portafolio/copia-de-la-república-1,LA REPUBLICA PARA SHOPIFY-114.jpg,https://static.wixstatic.com/media/546c42_0bd581af8cd245d495424e65c9f3e2b5~mv2.jpg,
JR-22,imagenes/JR-22.jpg,El Jardín Republicano,https://unasaracastrillonch.wixsite.com/portafolio/copia-de-la-república-1,LA REPUBLICA PARA SHOPIFY-89.jpg,https://static.wixstatic.com/media/546c42_15bf2d5db47f40fa82fc93e37ef471a9~mv2.jpg,
BA-01,imagenes/BA-01.jpg,Bosque Andino,https://unasaracastrillonch.wixsite.com/portafolio/copia-de-el-jardín-republicano,,https://static.wixstatic.com/media/546c42_6e93abb845d649dd800463f56eef8eff~mv2.jpg,
BA-02,imagenes/BA-02.jpg,Bosque Andino,https://unasaracastrillonch.wixsite.com/portafolio/copia-de-el-jardín-republicano,COJINES ESTÁNDAR 50X50 BOSQUE ANDINO-01.png,https://static.wixstatic.com/media/546c42_71cd1f2830a84396b59e0cc4e8b23a15~mv2.png,
BA-03,imagenes/BA-03.jpg,Bosque Andino,https://unasaracastrillonch.wixsite.com/portafolio/copia-de-el-jardín-republicano,COJINES ESTÁNDAR 50X50 BOSQUE ANDINO-02.png,https://static.wixstatic.com/media/546c42_640ab0d4be0945059d232911902cb991~mv2.png,
BA-04,imagenes/BA-04.jpg,Bosque Andino,https://unasaracastrillonch.wixsite.com/portafolio/copia-de-el-jardín-republicano,COJIN RIÑONERO 50X35 BOSQUE ANDINO_Mesa de trabajo 1.png,https://static.wixstatic.com/media/546c42_70b27351aec5463782fe042f256e5af4~mv2.png,
BA-05,imagenes/BA-05.jpg,Bosque Andino,https://unasaracastrillonch.wixsite.com/portafolio/copia-de-el-jardín-republicano,COJIN MAXI 60X60 BOSQUE ANDINO_Mesa de trabajo 1.png,https://static.wixstatic.com/media/546c42_83504aef0c2a42ac9e3328a0e840bc3f~mv2.png,
BA-06,imagenes/BA-06.jpg,Bosque Andino,https://unasaracastrillonch.wixsite.com/portafolio/copia-de-el-jardín-republicano,CAMINO DE MESA 150x50 BOSQUE ANDINO_Mesa de trabajo 1.png,https://static.wixstatic.com/media/546c42_4045afea41ad462ea1ca8ba18cedc984~mv2.png,
BA-07,imagenes/BA-07.jpg,Bosque Andino,https://unasaracastrillonch.wixsite.com/portafolio/copia-de-el-jardín-republicano,CORREGIDAS TIENDA V6- (18).jpg,https://static.wixstatic.com/media/546c42_81e5dc940882494f83834fbad8c4fd6f~mv2.jpg,
BA-08,imagenes/BA-08.jpg,Bosque Andino,https://unasaracastrillonch.wixsite.com/portafolio/copia-de-el-jardín-republicano,CORREGIDAS TIENDA V6- (23).jpg,https://static.wixstatic.com/media/546c42_a451dbaf444147d98b05c7fa6d4836a8~mv2.jpg,
BA-09,imagenes/BA-09.jpg,Bosque Andino,https://unasaracastrillonch.wixsite.com/portafolio/copia-de-el-jardín-republicano,CORREGIDAS TIENDA V6- (22).jpg,https://static.wixstatic.com/media/546c42_c9d0f32476d046e39ede50a9f90b2cd5~mv2.jpg,
BA-10,imagenes/BA-10.jpg,Bosque Andino,https://unasaracastrillonch.wixsite.com/portafolio/copia-de-el-jardín-republicano,CORREGIDAS TIENDA V6- (21).jpg,https://static.wixstatic.com/media/546c42_80e74b3a0bd54b77a9dcffab544453cd~mv2.jpg,
BA-11,imagenes/BA-11.jpg,Bosque Andino,https://unasaracastrillonch.wixsite.com/portafolio/copia-de-el-jardín-republicano,CORREGIDAS TIENDA V6- (28).jpg,https://static.wixstatic.com/media/546c42_c8a74af8c72f4881b534f815dc92d149~mv2.jpg,
